Institution,Program,Credential_Type,Min_Avg_Final,Competitive_Final,English_Req,English_Min,Math_Req,Math_Min,Social_Req,Social_Min,Science_Req,Science_Min,Elective_Qty,Elective_Pool,Status,Eng_Req,Eng_Min,Eng_30_2_Allowed,Bio_30_Req,Chem_30_Req,Phys_30_Req,Sci_30_Req,Elective_Pool_Count,Pool_Allows_Group_A,Pool_Allows_Group_B,Pool_Allows_Group_C,Pool_Allows_Group_D
MacEwan,Academic Upgrading,Other,65,Minimum Only,30-1,65,30-1,50,30-1,50.0,"Bio 30, Chem 30, Sci 30",50,0,,Active,,,,,,,,,,,,
MacEwan,Accounting (Major),Degree,65,Mid-70s,30-1,65,30-1 or 30-2,50,,50.0,,50,Three,"Groups A, B, C, or D",Active,,,,,,,,,,,,
MacEwan,Accounting Minor,Minor,Refer to Degree,Refer to Degree,See Degree,See Degree,See Degree,See Degree,See Degree,50.0,See Degree,50,See Degree,See Degree,Active,,,,,,,,,,,,
MacEwan,Accounting Minor,Minor,Refer to Degree,Refer to Degree,See Degree,See Degree,See Degree,See Degree,See Degree,50.0,See Degree,50,See Degree,See Degree,Active,,,,,,,,,,,,
MacEwan,Accounting and Strategic Measurement,Other,65,Mid-70s,30-1 or 30-2,65,30-1 or 30-2,50,,50.0,,50,Three,"Groups A, B, C, or D",Active,,,,,,,,,,,,
MacEwan,Acupuncture,Other,60,Minimum Only,30-1 or 30-2,65,,50,,50.0,"Bio 30, Chem 30, Sci 30",50,Two,"Groups A, B, C, or D",Active,,,,,,,,,,,,
MacEwan,Alberta Foundation Program (AFP),Other,65,Minimum Only,30-1,65,,50,,50.0,,50,0,,Active,,,,,,,,,,,,
MacEwan,Anthropology,Other,65,Minimum Only,30-1,65,30-1,50,,50.0,,50,Four,"Groups A, B, C, or D",Active,,,,,,,,,,,,
MacEwan,Anthropology Minor,Minor,Refer to Degree,Refer to Degree,See Degree,See Degree,See Degree,See Degree,See Degree,50.0,See Degree,50,See Degree,See Degree,Active,,,,,,,,,,,,
MacEwan,Applied Statistics (Major/Honours),Degree,65,Minimum Only,30-1,65,30-1 or 30-2,50,,50.0,"Bio 30, Chem 30",50,Check Notes,"Groups A, B, C, or D",Active,,,,,,,,,,,,
MacEwan,Art History Minor,Minor,Refer to Degree,Refer to Degree,See Degree,See Degree,See Degree,See Degree,See Degree,50.0,See Degree,50,See Degree,See Degree,Active,,,,,,,,,,,,
MacEwan,Art History Minor,Minor,Refer to Degree,Refer to Degree,See Degree,See Degree,See Degree,See Degree,See Degree,50.0,See Degree,50,See Degree,See Degree,Active,,,,,,,,,,,,
MacEwan,Arts and Cultural Management,Other,65,Mid-70s,30-1,65,,50,,50.0,,50,0,,Active,,,,,,,,,,,,
MacEwan,Arts and Cultural Management (Major),Degree,65,Mid-70s,30-1 or 30-2,65,,50,,50.0,,50,Four,"Groups A, B, C, or D",Active,,,,,,,,,,,,
MacEwan,Asia Pacific Management,Other,65,Minimum Only,30-1,65,30-1 or 30-2,50,,50.0,,50,Three,"Groups A, B, C, or D",Active,,,,,,,,,,,,
MacEwan,Aviation Management (Major),Degree,65,Minimum Only,30-1 or 30-2,65,30-1 or 30-2,50,,50.0,,50,Three,"Groups A, B, C, or D",Active,,,,,,,,,,,,
MacEwan,Bachelor of Arts Undeclared,Degree,65,Mid-70s,30-1,65,30-1,50,,50.0,,50,Four,"Groups A, B, C, or D",Active,,,,,,,,,,,,
MacEwan,Bachelor of Commerce Undeclared,Degree,65,Mid-70s,30-1,65,30-1 or 30-2,50,,50.0,,50,Three,"Groups A, B, C, or D",Active,,,,,,,,,,,,
MacEwan,Bachelor of Physical Education Transfer,Degree,65,Minimum Only,30-1,65,,50,,50.0,Bio 30,50,Three,"Groups A, B, C, or D",Active,,,,,,,,,,,,
MacEwan,Bachelor of Public Safety and Justice,Degree,65,Minimum Only,30-1 or 30-2,65,,50,,50.0,,50,Three,"Groups A, B, C, or D",Active,,,,,,,,,,,,
MacEwan,Bachelor of Science Undeclared,Degree,65,Mid-70s,30-1,65,30-1,50,,50.0,"Bio 30, Chem 30",50,Check Notes,"Groups A, B, C, or D",Active,,,,,,,,,,,,
MacEwan,Behaviour Analysis,Other,65,Minimum Only,30-1,65,,50,,50.0,,50,0,,Active,,,,,,,,,,,,
MacEwan,Behavioural Interventions Certificate,Certificate,65,Minimum Only,30-1,65,,50,,50.0,,50,0,,Suspended,,,,,,,,,,,,
MacEwan,Biological Sciences,Other,70,Mid-70s,30-1,65,30-1,50,,50.0,"Bio 30, Chem 30",50,Check Notes,"Groups A, B, C, or D",Active,,,,,,,,,,,,
MacEwan,Bridge to Canadian Nursing,Other,65,Low-to-mid 80s,30-1,65,,50,,50.0,,50,0,,Active,,,,,,,,,,,,
MacEwan,Business Intelligence Minor,Minor,Refer to Degree,Refer to Degree,See Degree,See Degree,See Degree,See Degree,See Degree,50.0,See Degree,50,See Degree,See Degree,Active,,,,,,,,,,,,
MacEwan,Business Law Minor,Minor,Refer to Degree,Refer to Degree,See Degree,See Degree,See Degree,See Degree,See Degree,50.0,See Degree,50,See Degree,See Degree,Active,,,,,,,,,,,,
MacEwan,Business Management,Other,65,Minimum Only,30-1 or 30-2,65,30-1 or 30-2,50,,50.0,,50,Three,"Groups A, B, C, or D",Active,,,,,,,,,,,,
MacEwan,Business Management,Other,65,Minimum Only,30-1 or 30-2,65,30-1 or 30-2,50,,50.0,,50,Three,"Groups A, B, C, or D",Active,,,,,,,,,,,,
MacEwan,Business Studies Minor,Minor,Refer to Degree,Refer to Degree,See Degree,See Degree,See Degree,See Degree,See Degree,50.0,See Degree,50,See Degree,See Degree,Active,,,,,,,,,,,,
MacEwan,Chemistry (Major),Degree,65,Minimum Only,30-1,65,30-1,50,,50.0,"Bio 30, Chem 30",50,Check Notes,"Groups A, B, C, or D",Active,,,,,,,,,,,,
MacEwan,Child and Youth Care,Other,65,Minimum Only,30-1,65,,50,,50.0,,50,Four,"Groups A, B, C, or D",Active,,,,,,,,,,,,
MacEwan,"Childhood, Youth, and Family Studies Minor",Minor,Refer to Degree,Refer to Degree,See Degree,See Degree,See Degree,See Degree,See Degree,50.0,See Degree,50,See Degree,See Degree,Active,,,,,,,,,,,,
MacEwan,Classics Minor,Minor,Refer to Degree,Refer to Degree,See Degree,See Degree,See Degree,See Degree,See Degree,50.0,See Degree,50,See Degree,See Degree,Active,,,,,,,,,,,,
MacEwan,Community Justice and Corrections,Other,,Minimum Only,30-1,65,,50,,50.0,,50,0,,Active,,,,,,,,,,,,
MacEwan,Community Justice and Corrections,Other,65,Minimum Only,30-1 or 30-2,65,,50,,50.0,,50,Three,"Groups A, B, C, or D",Active,,,,,,,,,,,,
MacEwan,Composition Major – Bachelor of Music,Degree,65,Minimum Only,30-1 or 30-2,65,,50,,50.0,,50,Four,"Groups A, B, C, or D",Active,,,,,,,,,,,,
MacEwan,Computer Science (Major),Degree,65,Mid-70s,30-1,65,30-1,50,,50.0,"Bio 30, Chem 30",50,Check Notes,"Groups A, B, C, or D",Active,,,,,,,,,,,,
MacEwan,Creative Writing Minor,Minor,Refer to Degree,Refer to Degree,See Degree,See Degree,See Degree,See Degree,See Degree,50.0,See Degree,50,See Degree,See Degree,Active,,,,,,,,,,,,
MacEwan,Cybersecurity Studies Minor,Minor,Refer to Degree,Refer to Degree,See Degree,See Degree,See Degree,See Degree,See Degree,50.0,See Degree,50,See Degree,See Degree,Active,,,,,,,,,,,,
MacEwan,Cybersecurity Studies Minor,Minor,Refer to Degree,Refer to Degree,See Degree,See Degree,See Degree,See Degree,See Degree,50.0,See Degree,50,See Degree,See Degree,Active,,,,,,,,,,,,
MacEwan,Cybersecurity Studies Minor,Minor,Refer to Degree,Refer to Degree,See Degree,See Degree,See Degree,See Degree,See Degree,50.0,See Degree,50,See Degree,See Degree,Active,,,,,,,,,,,,
MacEwan,Data Science (Major),Degree,65,Mid-70s,30-1,65,30-1,50,,50.0,"Bio 30, Chem 30",50,Check Notes,"Groups A, B, C, or D",Active,,,,,,,,,,,,
MacEwan,Design,Other,65,Minimum Only,30-1 or 30-2,65,,50,,50.0,,50,Four,"Groups A, B, C, or D",Active,,,,,,,,,,,,
MacEwan,Digital Experience Design,Other,65,Minimum Only,30-1,65,,50,,50.0,,50,0,,Active,,,,,,,,,,,,
MacEwan,Digital Experience Design,Other,65,Minimum Only,30-1,65,,50,,50.0,,50,0,,Active,,,,,,,,,,,,
MacEwan,Digital Experience Design (Major),Degree,65,Minimum Only,30-1 or 30-2,65,,50,,50.0,,50,Four,"Groups A, B, C, or D",Active,,,,,,,,,,,,
MacEwan,Digital Experience Design Minor,Minor,Refer to Degree,Refer to Degree,See Degree,See Degree,See Degree,See Degree,See Degree,50.0,See Degree,50,See Degree,See Degree,Active,,,,,,,,,,,,
MacEwan,Digital Experience Design Minor,Minor,Refer to Degree,Refer to Degree,See Degree,See Degree,See Degree,See Degree,See Degree,50.0,See Degree,50,See Degree,See Degree,Active,,,,,,,,,,,,
MacEwan,Early Childhood Curriculum Studies (BECCS),Other,65,Minimum Only,30-1 or 30-2,65,,50,30-1,50.0,,50,Three,"Groups A, B, C, or D",Active,,,,,,,,,,,,
MacEwan,Early Learning and Child Care,Other,65,Minimum Only,30-1,65,,50,,50.0,,50,0,,Active,,,,,,,,,,,,
MacEwan,Earth and Planetary Sciences Minor,Minor,Refer to Degree,Refer to Degree,See Degree,See Degree,See Degree,See Degree,See Degree,50.0,See Degree,50,See Degree,See Degree,Active,,,,,,,,,,,,
MacEwan,Economics,Other,65,Minimum Only,30-1,65,30-1,50,,50.0,,50,Four,"Groups A, B, C, or D",Active,,,,,,,,,,,,
MacEwan,Economics Minor,Minor,Refer to Degree,Refer to Degree,See Degree,See Degree,See Degree,See Degree,See Degree,50.0,See Degree,50,See Degree,See Degree,Active,,,,,,,,,,,,
MacEwan,Educational Assistant,Other,65,Minimum Only,30-1 or 30-2,65,,50,,50.0,,50,Two,"Groups A, B, C, or D",Active,,,,,,,,,,,,
MacEwan,Emergency Communications and Response,Other,65,Minimum Only,30-1 or 30-2,65,,50,,50.0,,50,Three,"Groups A, B, C, or D",Active,,,,,,,,,,,,
MacEwan,English,Other,65,Minimum Only,30-1,65,30-1,50,,50.0,,50,Four,"Groups A, B, C, or D",Active,,,,,,,,,,,,
MacEwan,English as an Additional Language (EAL),Other,65,Minimum Only,30-1,65,,50,,50.0,,50,0,,Active,,,,,,,,,,,,
MacEwan,Environmental Sciences (Major),Degree,65,Mid-70s,30-1,65,30-1,50,,50.0,"Bio 30, Chem 30",50,Check Notes,"Groups A, B, C, or D",Active,,,,,,,,,,,,
MacEwan,Environmental Sciences Minor,Minor,Refer to Degree,Refer to Degree,See Degree,See Degree,See Degree,See Degree,See Degree,50.0,See Degree,50,See Degree,See Degree,Active,,,,,,,,,,,,
MacEwan,Film Minor,Minor,Refer to Degree,Refer to Degree,See Degree,See Degree,See Degree,See Degree,See Degree,50.0,See Degree,50,See Degree,See Degree,Active,,,,,,,,,,,,
MacEwan,Film Minor,Minor,Refer to Degree,Refer to Degree,See Degree,See Degree,See Degree,See Degree,See Degree,50.0,See Degree,50,See Degree,See Degree,Active,,,,,,,,,,,,
MacEwan,Finance Minor,Minor,Refer to Degree,Refer to Degree,See Degree,See Degree,See Degree,See Degree,See Degree,50.0,See Degree,50,See Degree,See Degree,Active,,,,,,,,,,,,
MacEwan,Finance Minor,Minor,Refer to Degree,Refer to Degree,See Degree,See Degree,See Degree,See Degree,See Degree,50.0,See Degree,50,See Degree,See Degree,Active,,,,,,,,,,,,
MacEwan,Foundation Program International,Other,65,Minimum Only,30-1,65,,50,,50.0,,50,0,,Active,,,,,,,,,,,,
MacEwan,French Minor,Minor,Refer to Degree,Refer to Degree,See Degree,See Degree,See Degree,See Degree,See Degree,50.0,See Degree,50,See Degree,See Degree,Active,,,,,,,,,,,,
MacEwan,French Minor,Minor,Refer to Degree,Refer to Degree,See Degree,See Degree,See Degree,See Degree,See Degree,50.0,See Degree,50,See Degree,See Degree,Active,,,,,,,,,,,,
MacEwan,Gender Studies Minor,Minor,Refer to Degree,Refer to Degree,See Degree,See Degree,See Degree,See Degree,See Degree,50.0,See Degree,50,See Degree,See Degree,Active,,,,,,,,,,,,
MacEwan,General (Major),Degree,65,Minimum Only,30-1 or 30-2,65,,50,,50.0,,50,Four,"Groups A, B, C, or D",Active,,,,,,,,,,,,
MacEwan,Gerontology,Other,65,Minimum Only,30-1,65,,50,,50.0,,50,0,,Active,,,,,,,,,,,,
MacEwan,Graphic Design Minor,Minor,Refer to Degree,Refer to Degree,See Degree,See Degree,See Degree,See Degree,See Degree,50.0,See Degree,50,See Degree,See Degree,Active,,,,,,,,,,,,
MacEwan,Graphic Design Minor,Minor,Refer to Degree,Refer to Degree,See Degree,See Degree,See Degree,See Degree,See Degree,50.0,See Degree,50,See Degree,See Degree,Active,,,,,,,,,,,,
MacEwan,Hearing Aid Practitioner,Other,65,Minimum Only,30-1 or 30-2,65,,50,,50.0,,50,Check Notes,"Groups A, B, C, or D",Active,,,,,,,,,,,,
MacEwan,History (Major/Minor),Degree,65,Minimum Only,30-1,65,30-1,50,,50.0,,50,Four,"Groups A, B, C, or D",Active,,,,,,,,,,,,
MacEwan,History Minor,Minor,Refer to Degree,Refer to Degree,See Degree,See Degree,See Degree,See Degree,See Degree,50.0,See Degree,50,See Degree,See Degree,Active,,,,,,,,,,,,
MacEwan,Hospice Palliative Care,Other,65,Minimum Only,30-1,65,,50,,50.0,,50,0,,Active,,,,,,,,,,,,
MacEwan,Human Resources Management,Other,65,Minimum Only,30-1 or 30-2,65,,50,,50.0,,50,Three,"Groups A, B, C, or D",Active,,,,,,,,,,,,
MacEwan,Human Resources Management (Major),Degree,65,Minimum Only,30-1,65,30-1 or 30-2,50,,50.0,,50,Three,"Groups A, B, C, or D",Active,,,,,,,,,,,,
MacEwan,Human Resources Management Minor,Minor,Refer to Degree,Refer to Degree,See Degree,See Degree,See Degree,See Degree,See Degree,50.0,See Degree,50,See Degree,See Degree,Active,,,,,,,,,,,,
MacEwan,Human Resources Management Minor,Minor,Refer to Degree,Refer to Degree,See Degree,See Degree,See Degree,See Degree,See Degree,50.0,See Degree,50,See Degree,See Degree,Active,,,,,,,,,,,,
MacEwan,Human Service Administration,Other,Requires Degree/Diploma,Minimum Only,30-1,65,,50,,50.0,,50,0,,Active,,,,,,,,,,,,
MacEwan,Indigegogy Minor,Minor,Refer to Degree,Refer to Degree,See Degree,See Degree,See Degree,See Degree,See Degree,50.0,See Degree,50,See Degree,See Degree,Active,,,,,,,,,,,,
MacEwan,Innovation and Entrepreneurship Minor,Minor,Refer to Degree,Refer to Degree,See Degree,See Degree,See Degree,See Degree,See Degree,50.0,See Degree,50,See Degree,See Degree,Active,,,,,,,,,,,,
MacEwan,Insurance and Risk Management,Other,65,Minimum Only,30-1 or 30-2,65,30-1 or 30-2,50,,50.0,,50,Three,"Groups A, B, C, or D",Active,,,,,,,,,,,,
MacEwan,International Business (Major),Degree,65,Minimum Only,30-1,65,30-1 or 30-2,50,,50.0,,50,Three,"Groups A, B, C, or D",Active,,,,,,,,,,,,
MacEwan,International Business Minor,Minor,Refer to Degree,Refer to Degree,See Degree,See Degree,See Degree,See Degree,See Degree,50.0,See Degree,50,See Degree,See Degree,Active,,,,,,,,,,,,
MacEwan,Investigative Studies,Other,65,Mid-to-high 70s,30-1 or 30-2,65,,50,,50.0,,50,Three,"Groups A, B, C, or D",Active,,,,,,,,,,,,
MacEwan,Journalism (Major),Degree,65,Minimum Only,30-1,65,,50,,50.0,,50,Four,"Groups A, B, C, or D",Active,,,,,,,,,,,,
MacEwan,Journalism Minor,Minor,Refer to Degree,Refer to Degree,See Degree,See Degree,See Degree,See Degree,See Degree,50.0,See Degree,50,See Degree,See Degree,Active,,,,,,,,,,,,
MacEwan,Journalism Minor,Minor,Refer to Degree,Refer to Degree,See Degree,See Degree,See Degree,See Degree,See Degree,50.0,See Degree,50,See Degree,See Degree,Active,,,,,,,,,,,,
MacEwan,Legal Studies in Business (Major),Degree,65,Minimum Only,30-1,65,30-1 or 30-2,50,,50.0,,50,Three,"Groups A, B, C, or D",Active,,,,,,,,,,,,
MacEwan,Legal Studies in Business Minor,Minor,Refer to Degree,Refer to Degree,See Degree,See Degree,See Degree,See Degree,See Degree,50.0,See Degree,50,See Degree,See Degree,Active,,,,,,,,,,,,
MacEwan,Library and Information Technology,Other,65,Minimum Only,30-1,65,,50,,50.0,,50,Four,"Groups A, B, C, or D",Active,,,,,,,,,,,,
MacEwan,Management (Major),Degree,65,Minimum Only,30-1,65,30-1 or 30-2,50,,50.0,,50,Three,"Groups A, B, C, or D",Active,,,,,,,,,,,,
MacEwan,Management Minor,Minor,Refer to Degree,Refer to Degree,See Degree,See Degree,See Degree,See Degree,See Degree,50.0,See Degree,50,See Degree,See Degree,Active,,,,,,,,,,,,
MacEwan,Marketing (Major),Degree,65,Minimum Only,30-1,65,30-1 or 30-2,50,,50.0,,50,Three,"Groups A, B, C, or D",Active,,,,,,,,,,,,
MacEwan,Marketing Minor,Minor,Refer to Degree,Refer to Degree,See Degree,See Degree,See Degree,See Degree,See Degree,50.0,See Degree,50,See Degree,See Degree,Active,,,,,,,,,,,,
MacEwan,Marketing Minor,Minor,Refer to Degree,Refer to Degree,See Degree,See Degree,See Degree,See Degree,See Degree,50.0,See Degree,50,See Degree,See Degree,Active,,,,,,,,,,,,
MacEwan,Massage Therapy,Other,60,Minimum Only,30-1 or 30-2,65,,50,,50.0,Bio 30,50,Check Notes,"Groups A, B, C, or D",Active,,,,,,,,,,,,
MacEwan,Mathematical Sciences (Major),Degree,80,Mid-70s,30-1,65,30-1 or 30-2,50,,50.0,"Bio 30, Chem 30",50,Check Notes,"Groups A, B, C, or D",Active,,,,,,,,,,,,
MacEwan,Mathematics (Major/Honours),Degree,80,Minimum Only,30-1,65,30-1 or 30-2,50,,50.0,"Bio 30, Chem 30",50,Check Notes,"Groups A, B, C, or D",Active,,,,,,,,,,,,
MacEwan,Minors - Bachelor of Arts,Degree,65,Mid-70s,30-1,65,,50,,50.0,,50,0,,Active,,,,,,,,,,,,
MacEwan,Minors - Bachelor of Commerce,Degree,65,Mid-70s,30-1,65,,50,,50.0,,50,0,,Active,,,,,,,,,,,,
MacEwan,Minors - Bachelor of Science,Degree,65,Mid-70s,30-1,65,,50,,50.0,,50,0,,Active,,,,,,,,,,,,
MacEwan,Minors - Fine Arts and Communication,Minor,Refer to Degree,Refer to Degree,See Degree,See Degree,See Degree,See Degree,See Degree,50.0,See Degree,50,See Degree,See Degree,Active,,,,,,,,,,,,
MacEwan,Music Career Management Minor,Minor,Refer to Degree,Refer to Degree,See Degree,See Degree,See Degree,See Degree,See Degree,50.0,See Degree,50,See Degree,See Degree,Active,,,,,,,,,,,,
MacEwan,Music Education Minor,Minor,Refer to Degree,Refer to Degree,See Degree,See Degree,See Degree,See Degree,See Degree,50.0,See Degree,50,See Degree,See Degree,Active,,,,,,,,,,,,
MacEwan,Music Technology and Production Minor,Minor,Refer to Degree,Refer to Degree,See Degree,See Degree,See Degree,See Degree,See Degree,50.0,See Degree,50,See Degree,See Degree,Active,,,,,,,,,,,,
MacEwan,Music Theatre Performance (Major),Degree,65,Minimum Only,30-1 or 30-2,65,,50,,50.0,,50,Four,"Groups A, B, C, or D",Active,,,,,,,,,,,,
MacEwan,Nursing,Other,65,Low-to-mid 80s,30-1,65,30-1 or 30-2,50,,50.0,"Bio 30, Chem 30, Sci 30",50,0,,Active,,,,,,,,,,,,
MacEwan,Occupational Health Nursing (OHN),Other,65,Low-to-mid 80s,30-1,65,,50,,50.0,,50,0,,Active,,,,,,,,,,,,
MacEwan,Office Assistant - Administrative major,Other,60,Minimum Only,30-1 or 30-2,65,,50,,50.0,,50,Two,"Groups A, B, C, or D",Active,,,,,,,,,,,,
MacEwan,Office Assistant - Legal major,Other,60,Minimum Only,30-1 or 30-2,65,,50,,50.0,,50,Two,"Groups A, B, C, or D",Active,,,,,,,,,,,,
MacEwan,Office Assistant - Medical major,Other,60,Minimum Only,30-1 or 30-2,65,,50,,50.0,,50,Two,"Groups A, B, C, or D",Active,,,,,,,,,,,,
MacEwan,Paralegal Studies,Other,65,Minimum Only,30-1,65,30-1 or 30-2,50,,50.0,,50,Three,"Groups A, B, C, or D",Active,,,,,,,,,,,,
MacEwan,Performance (Major),Degree,65,Minimum Only,30-1 or 30-2,65,,50,,50.0,,50,Four,"Groups A, B, C, or D",Active,,,,,,,,,,,,
MacEwan,Perioperative Nursing,Other,65,Low-to-mid 80s,30-1,65,,50,,50.0,,50,0,,Active,,,,,,,,,,,,
MacEwan,Philosophy (Major/Minor),Degree,65,Minimum Only,30-1,65,30-1,50,,50.0,,50,Four,"Groups A, B, C, or D",Active,,,,,,,,,,,,
MacEwan,Physical Sciences (Major),Degree,65,Mid-70s,30-1,65,30-1,50,,50.0,"Bio 30, Chem 30",50,Check Notes,"Groups A, B, C, or D",Active,,,,,,,,,,,,
MacEwan,Physical Therapist Assistant / Occupational Therapist Assistant,Other,65,Minimum Only,30-1 or 30-2,65,,50,,50.0,Bio 30,50,Two,"Groups A, B, C, or D",Active,,,,,,,,,,,,
MacEwan,Physics Minor,Minor,Refer to Degree,Refer to Degree,See Degree,See Degree,See Degree,See Degree,See Degree,50.0,See Degree,50,See Degree,See Degree,Active,,,,,,,,,,,,
MacEwan,Planetary Physics Minor,Minor,Refer to Degree,Refer to Degree,See Degree,See Degree,See Degree,See Degree,See Degree,50.0,See Degree,50,See Degree,See Degree,Active,,,,,,,,,,,,
MacEwan,Police Studies,Other,65,Mid-to-high 70s,30-1 or 30-2,65,,50,,50.0,,50,Three,"Groups A, B, C, or D",Active,,,,,,,,,,,,
MacEwan,Political Science,Other,65,Mid-70s,30-1,65,30-1,50,,50.0,,50,Four,"Groups A, B, C, or D",Active,,,,,,,,,,,,
MacEwan,Political Science Minor,Minor,Refer to Degree,Refer to Degree,See Degree,See Degree,See Degree,See Degree,See Degree,50.0,See Degree,50,See Degree,See Degree,Active,,,,,,,,,,,,
MacEwan,Professional Communication (Major),Degree,65,Minimum Only,30-1,65,,50,,50.0,,50,Four,"Groups A, B, C, or D",Active,,,,,,,,,,,,
MacEwan,Professional Communication Minor,Minor,Refer to Degree,Refer to Degree,See Degree,See Degree,See Degree,See Degree,See Degree,50.0,See Degree,50,See Degree,See Degree,Active,,,,,,,,,,,,
MacEwan,Property Management Minor,Minor,Refer to Degree,Refer to Degree,See Degree,See Degree,See Degree,See Degree,See Degree,50.0,See Degree,50,See Degree,See Degree,Active,,,,,,,,,,,,
MacEwan,Psychiatric Nursing,Other,65,Low-to-mid 80s,30-1,65,30-1 or 30-2,50,,50.0,,50,0,,Active,,,,,,,,,,,,
MacEwan,Psychology,Other,65,Mid-70s,30-1,65,30-1,50,,50.0,,50,Four,"Groups A, B, C, or D",Active,,,,,,,,,,,,
MacEwan,Psychology,Other,65,Mid-70s,30-1,65,30-1,50,,50.0,"Bio 30, Chem 30",50,Check Notes,"Groups A, B, C, or D",Active,,,,,,,,,,,,
MacEwan,Psychology Minor,Minor,Refer to Degree,Refer to Degree,See Degree,See Degree,See Degree,See Degree,See Degree,50.0,See Degree,50,See Degree,See Degree,Active,,,,,,,,,,,,
MacEwan,Public Relations,Other,65,Minimum Only,30-1,65,,50,,50.0,,50,0,,Suspended,,,,,,,,,,,,
MacEwan,Public Relations (Major),Degree,65,Minimum Only,30-1,65,,50,,50.0,,50,Four,"Groups A, B, C, or D",Active,,,,,,,,,,,,
MacEwan,Recording and Production (Major),Degree,65,Minimum Only,30-1 or 30-2,65,,50,,50.0,,50,Four,"Groups A, B, C, or D",Active,,,,,,,,,,,,
MacEwan,Social Work,Other,65,Low 80s,30-1,65,,50,30-1,50.0,,50,0,,Active,,,,,,,,,,,,
MacEwan,Social Work,Other,65,Low 80s,30-1,65,,50,,50.0,,50,0,,Active,,,,,,,,,,,,
MacEwan,Sociology,Other,65,Minimum Only,30-1,65,30-1,50,,50.0,,50,Four,"Groups A, B, C, or D",Active,,,,,,,,,,,,
MacEwan,Sociology Minor,Minor,Refer to Degree,Refer to Degree,See Degree,See Degree,See Degree,See Degree,See Degree,50.0,See Degree,50,See Degree,See Degree,Active,,,,,,,,,,,,
MacEwan,Songwriting Minor,Minor,Refer to Degree,Refer to Degree,See Degree,See Degree,See Degree,See Degree,See Degree,50.0,See Degree,50,See Degree,See Degree,Active,,,,,,,,,,,,
MacEwan,Spanish Minor,Minor,Refer to Degree,Refer to Degree,See Degree,See Degree,See Degree,See Degree,See Degree,50.0,See Degree,50,See Degree,See Degree,Active,,,,,,,,,,,,
MacEwan,Spanish Minor,Minor,Refer to Degree,Refer to Degree,See Degree,See Degree,See Degree,See Degree,See Degree,50.0,See Degree,50,See Degree,See Degree,Active,,,,,,,,,,,,
MacEwan,Speech Language Pathologist Assistant,Other,65,Minimum Only,30-1 or 30-2,65,,50,,50.0,,50,Four,"Groups A, B, C, or D",Active,,,,,,,,,,,,
MacEwan,Statistics Minor,Minor,Refer to Degree,Refer to Degree,See Degree,See Degree,See Degree,See Degree,See Degree,50.0,See Degree,50,See Degree,See Degree,Active,,,,,,,,,,,,
MacEwan,Studio Arts (Major),Degree,65,Mid-70s,30-1 or 30-2,65,,50,,50.0,,50,Four,"Groups A, B, C, or D",Active,,,,,,,,,,,,
MacEwan,Supply Chain Management (Major),Degree,65,Minimum Only,30-1,65,30-1 or 30-2,50,,50.0,,50,Three,"Groups A, B, C, or D",Active,,,,,,,,,,,,
MacEwan,Supply Chain Management Minor,Minor,Refer to Degree,Refer to Degree,See Degree,See Degree,See Degree,See Degree,See Degree,50.0,See Degree,50,See Degree,See Degree,Active,,,,,,,,,,,,
MacEwan,Sustainability Studies,Other,65,Minimum Only,30-1,65,,50,,50.0,,50,0,,Active,,,,,,,,,,,,
MacEwan,Theatre Production (Major),Degree,65,Minimum Only,30-1 or 30-2,65,,50,,50.0,,50,Four,"Groups A, B, C, or D",Active,,,,,,,,,,,,
MacEwan,Travel and Tourism,Other,65,Minimum Only,30-1 or 30-2,65,,50,,50.0,,50,Four,"Groups A, B, C, or D",Active,,,,,,,,,,,,
MacEwan,Urban Wellness Minor,Minor,Refer to Degree,Refer to Degree,See Degree,See Degree,See Degree,See Degree,See Degree,50.0,See Degree,50,See Degree,See Degree,Active,,,,,,,,,,,,
MacEwan,pimâcihisowin Foundation Program (PFP),Other,65,Minimum Only,30-1,65,,50,,50.0,,50,0,,Active,,,,,,,,,,,,
NAIT,1. Application,Certificate,60.0,Minimum Only,,,Math 20-2,50,,,,50,,,Active,English 30-2,50.0,Yes,No,No,No,No,,No,No,No,No
NAIT,2. Schedule,Certificate,60.0,Minimum Only,,,Math 20-2,50,,,,50,,,Active,English 30-2,50.0,Yes,No,No,No,No,,No,No,No,No
NAIT,3. Register,Certificate,60.0,Minimum Only,,,Math 20-2,50,,,,50,,,Active,English 30-2,50.0,Yes,No,No,No,No,,No,No,No,No
NAIT,4. Create Account,Certificate,60.0,Minimum Only,,,Math 20-2,50,,,,50,,,Active,English 30-2,50.0,Yes,No,No,No,No,,No,No,No,No
NAIT,5 programs receive government funding for expansion,Certificate,60.0,Minimum Only,,,Math 20-2,50,,,,50,,,Active,English 30-2,50.0,Yes,No,No,No,No,,No,No,No,No
NAIT,5. Confirmation,Certificate,60.0,Minimum Only,,,Math 20-2,50,,,,50,,,Active,English 30-2,50.0,Yes,No,No,No,No,,No,No,No,No
NAIT,6. Get Set Up,Certificate,60.0,Minimum Only,,,Math 20-2,50,,,,50,,,Active,English 30-2,50.0,Yes,No,No,No,No,,No,No,No,No
NAIT,AI and Data Governance for Innovation and Impact,Certificate,60.0,Minimum Only,,,Math 20-2,50,,,,50,,,Active,English 30-2,50.0,Yes,No,No,No,No,,No,No,No,No
NAIT,AI-Driven Project Management,Diploma,65.0,Minimum Only,,,Math 30-2,50,,,,50,,,Active,English 30-2,50.0,Yes,No,No,No,No,,No,No,No,No
NAIT,AWS Academy Cloud,Certificate,60.0,Minimum Only,,,Math 20-2,50,,,,50,,,Active,English 30-2,50.0,Yes,No,No,No,No,,No,No,No,No
NAIT,About,Certificate,60.0,Minimum Only,,,Math 20-2,50,,,,50,,,Active,English 30-2,50.0,Yes,No,No,No,No,,No,No,No,No
NAIT,Accomplishments,Certificate,60.0,Minimum Only,,,Math 20-2,50,,,,50,,,Active,English 30-2,50.0,Yes,No,No,No,No,,No,No,No,No
NAIT,Advanced Healthcare Leadership,Certificate,60.0,Minimum Only,,,Math 20-2,50,,,,50,,,Active,English 30-2,50.0,Yes,No,No,No,No,,No,No,No,No
NAIT,Advanced Machining Centre Programming - Milling,Certificate,60.0,Minimum Only,,,Math 20-2,50,,,,50,,,Active,English 30-2,50.0,Yes,No,No,No,No,,No,No,No,No
NAIT,Advanced Turning Centre Programming - Lathe,Certificate,60.0,Minimum Only,,,Math 20-2,50,,,,50,,,Active,English 30-2,50.0,Yes,No,No,No,No,,No,No,No,No
NAIT,After Your Student Applies,Certificate,60.0,Minimum Only,,,Math 20-2,50,,,,50,,,Active,English 30-2,50.0,Yes,No,No,No,No,,No,No,No,No
NAIT,Agentic AI Foundation,Certificate,60.0,Minimum Only,,,Math 20-2,50,,,,50,,,Active,English 30-2,50.0,Yes,No,No,No,No,,No,No,No,No
NAIT,Alberta Advantage Immigration Program,Certificate,60.0,Minimum Only,,,Math 20-2,50,,,,50,,,Active,English 30-2,50.0,Yes,No,No,No,No,,No,No,No,No
NAIT,All other NAIT programs,Certificate,60.0,Minimum Only,,,Math 20-2,50,,,,50,,,Active,English 30-2,50.0,Yes,No,No,No,No,,No,No,No,No
NAIT,Alumni profile: Clifton Lofthaug,Certificate,60.0,Minimum Only,,,Math 20-2,50,,,,50,,,Active,English 30-2,50.0,Yes,No,No,No,No,,No,No,No,No
NAIT,Alumni profile: Jesse Tutt,Certificate,60.0,Minimum Only,,,Math 20-2,50,,,,50,,,Active,English 30-2,50.0,Yes,No,No,No,No,,No,No,No,No
NAIT,Alumni profile: Nicole Dunlop,Certificate,60.0,Minimum Only,,,Math 20-2,50,,,,50,,,Active,English 30-2,50.0,Yes,No,No,No,No,,No,No,No,No
NAIT,Animation (Area of Emphasis),Certificate,60.0,Minimum Only,,,Math 20-2,50,,,,50,,,Active,English 30-2,50.0,Yes,No,No,No,No,,No,No,No,No
NAIT,Apple iOS iPhone/iPad Mobile Developer,Certificate,60.0,Minimum Only,,,Math 20-2,50,,,,50,,,Active,English 30-2,50.0,Yes,No,No,No,No,,No,No,No,No
NAIT,Apprentice Sponsorship,Certificate,60.0,Minimum Only,,,Math 20-2,50,,,,50,,,Active,English 30-2,50.0,Yes,No,No,No,No,,No,No,No,No
NAIT,Apprenticeship Pathways,Apprenticeship,,Employer Required,,,Grade 10 Equivalent,50,,,,50,,,Active,Grade 10-12 Equivalent,50.0,,No,No,No,No,,No,No,No,No
NAIT,Artisanal Food Market,Certificate,60.0,Minimum Only,,,Math 20-2,50,,,,50,,,Active,English 30-2,50.0,Yes,No,No,No,No,,No,No,No,No
NAIT,Bachelor of Business Administration (BBA) Co-operative Education,Degree,70.0,Minimum Only,,,Math 30-1,50,,,,50,,,Active,English 30-1,50.0,No,No,No,No,No,,No,No,No,No
NAIT,Basic Machine Centre Programming - Milling,Certificate,60.0,Minimum Only,,,Math 20-2,50,,,,50,,,Active,English 30-2,50.0,Yes,No,No,No,No,,No,No,No,No
NAIT,Basic Turning Centre Programming - Lathe,Certificate,60.0,Minimum Only,,,Math 20-2,50,,,,50,,,Active,English 30-2,50.0,Yes,No,No,No,No,,No,No,No,No
NAIT,Be Future Ready Form,Certificate,60.0,Minimum Only,,,Math 20-2,50,,,,50,,,Active,English 30-2,50.0,Yes,No,No,No,No,,No,No,No,No
NAIT,Become a Certified Digital Marketing Professional,Diploma,65.0,Minimum Only,,,Math 30-2,50,,,,50,,,Active,English 30-2,50.0,Yes,No,No,No,No,,No,No,No,No
NAIT,Before Your Student Applies,Certificate,60.0,Minimum Only,,,Math 20-2,50,,,,50,,,Active,English 30-2,50.0,Yes,No,No,No,No,,No,No,No,No
NAIT,Blockchain Smart Contract,Certificate,60.0,Minimum Only,,,Math 20-2,50,,,,50,,,Active,English 30-2,50.0,Yes,No,No,No,No,,No,No,No,No
NAIT,Breast Sonography,Diploma,75.0,Mid-to-high 80s,,,Math 30-1,50,,,,50,,,Active,English 30-1,50.0,No,Yes,Yes,No,No,,No,No,No,No
NAIT,Building a stronger foundation for construction to grow and succeed - Giving,Certificate,60.0,Minimum Only,,,Math 20-2,50,,,,50,,,Active,English 30-2,50.0,Yes,No,No,No,No,,No,No,No,No
NAIT,Business Continuity Management Program (BCMP) Sustainment,Diploma,65.0,Minimum Only,,,Math 30-2,50,,,,50,,,Active,English 30-2,50.0,Yes,No,No,No,No,,No,No,No,No
NAIT,Business Degree and Diploma Programs,Diploma,65.0,Minimum Only,,,Math 30-2,50,,,,50,,,Active,English 30-2,50.0,Yes,No,No,No,No,,No,No,No,No
NAIT,Business Innovation Showcase,Diploma,65.0,Minimum Only,,,Math 30-2,50,,,,50,,,Active,English 30-2,50.0,Yes,No,No,No,No,,No,No,No,No
NAIT,Business Risk Management,Diploma,65.0,Minimum Only,,,Math 30-2,50,,,,50,,,Active,English 30-2,50.0,Yes,No,No,No,No,,No,No,No,No
NAIT,C/C++ Programming Language,Certificate,60.0,Minimum Only,,,Math 20-2,50,,,,50,,,Active,English 30-2,50.0,Yes,No,No,No,No,,No,No,No,No
NAIT,CAMS Thank You Page,Certificate,60.0,Minimum Only,,,Math 20-2,50,,,,50,,,Active,English 30-2,50.0,Yes,No,No,No,No,,No,No,No,No
NAIT,CLA: Programming Essentials in C,Certificate,60.0,Minimum Only,,,Math 20-2,50,,,,50,,,Active,English 30-2,50.0,Yes,No,No,No,No,,No,No,No,No
NAIT,CPA Education Foundation bolsters business learning - Giving,Diploma,65.0,Minimum Only,,,Math 30-2,50,,,,50,,,Active,English 30-2,50.0,Yes,No,No,No,No,,No,No,No,No
NAIT,CPA: Programming Essentials in C++,Certificate,60.0,Minimum Only,,,Math 20-2,50,,,,50,,,Active,English 30-2,50.0,Yes,No,No,No,No,,No,No,No,No
NAIT,Canadian Registered Safety Technician (CRST),Certificate,60.0,Minimum Only,,,Math 20-2,50,,,,50,,,Active,English 30-2,50.0,Yes,No,No,No,No,,No,No,No,No
NAIT,Career Mentorship,Certificate,60.0,Minimum Only,,,Math 20-2,50,,,,50,,,Active,English 30-2,50.0,Yes,No,No,No,No,,No,No,No,No
NAIT,Ceremony Schedule by Program,Certificate,60.0,Minimum Only,,,Math 20-2,50,,,,50,,,Active,English 30-2,50.0,Yes,No,No,No,No,,No,No,No,No
NAIT,Certified Risk Management Professional (CRMP),Diploma,65.0,Minimum Only,,,Math 30-2,50,,,,50,,,Active,English 30-2,50.0,Yes,No,No,No,No,,No,No,No,No
NAIT,Chef in Residence,Certificate,60.0,Minimum Only,,,Math 20-2,50,,,,50,,,Active,English 30-2,50.0,Yes,No,No,No,No,,No,No,No,No
NAIT,Choosing Your NAIT Program,Certificate,60.0,Minimum Only,,,Math 20-2,50,,,,50,,,Active,English 30-2,50.0,Yes,No,No,No,No,,No,No,No,No
NAIT,Clean Energy,Certificate,60.0,Minimum Only,,,Math 20-2,50,,,,50,,,Active,English 30-2,50.0,Yes,No,No,No,No,,No,No,No,No
NAIT,Club Culinaire,Certificate,60.0,Minimum Only,,,Math 20-2,50,,,,50,,,Active,English 30-2,50.0,Yes,No,No,No,No,,No,No,No,No
NAIT,Competitive Entrance,Certificate,60.0,Minimum Only,,,Math 20-2,50,,,,50,,,Active,English 30-2,50.0,Yes,No,No,No,No,,No,No,No,No
NAIT,Computer Software Development (Area of Emphasis),Diploma,65.0,Minimum Only,,,Math 30-2,50,,,,50,,,Active,English 30-2,50.0,Yes,No,No,No,No,,No,No,No,No
NAIT,Construction Leadership and Supervision (CLS),Certificate,60.0,Minimum Only,,,Math 20-2,50,,,,50,,,Active,English 30-2,50.0,Yes,No,No,No,No,,No,No,No,No
NAIT,Continuing Education Programs & Courses,Certificate,60.0,Minimum Only,,,Math 20-2,50,,,,50,,,Active,English 30-2,50.0,Yes,No,No,No,No,,No,No,No,No
NAIT,Core Programming,Certificate,60.0,Minimum Only,,,Math 20-2,50,,,,50,,,Active,English 30-2,50.0,Yes,No,No,No,No,,No,No,No,No
NAIT,Corporate Training Inquiry,Certificate,60.0,Minimum Only,,,Math 20-2,50,,,,50,,,Active,English 30-2,50.0,Yes,No,No,No,No,,No,No,No,No
NAIT,Credit Program Students,Certificate,60.0,Minimum Only,,,Math 20-2,50,,,,50,,,Active,English 30-2,50.0,Yes,No,No,No,No,,No,No,No,No
NAIT,Culinary Arts and Professional Food Studies,Certificate,60.0,Minimum Only,,,Math 20-2,50,,,,50,,,Active,English 30-2,50.0,Yes,No,No,No,No,,No,No,No,No
NAIT,Culinary Programs,Certificate,60.0,Minimum Only,,,Math 20-2,50,,,,50,,,Active,English 30-2,50.0,Yes,No,No,No,No,,No,No,No,No
NAIT,Dental and Denture Clinic,Certificate,60.0,Minimum Only,,,Math 20-2,50,,,,50,,,Active,English 30-2,50.0,Yes,No,No,No,No,,No,No,No,No
NAIT,Digital Cinema (Area of Emphasis),Certificate,60.0,Minimum Only,,,Math 20-2,50,,,,50,,,Active,English 30-2,50.0,Yes,No,No,No,No,,No,No,No,No
NAIT,Digital Marketing,Diploma,65.0,Minimum Only,,,Math 30-2,50,,,,50,,,Active,English 30-2,50.0,Yes,No,No,No,No,,No,No,No,No
NAIT,Digital Marketing Associate Tracks,Diploma,65.0,Minimum Only,,,Math 30-2,50,,,,50,,,Active,English 30-2,50.0,Yes,No,No,No,No,,No,No,No,No
NAIT,Digital Marketing Professional Certification,Diploma,65.0,Minimum Only,,,Math 30-2,50,,,,50,,,Active,English 30-2,50.0,Yes,No,No,No,No,,No,No,No,No
NAIT,Digital Marketing Specialist,Diploma,65.0,Minimum Only,,,Math 30-2,50,,,,50,,,Active,English 30-2,50.0,Yes,No,No,No,No,,No,No,No,No
NAIT,Driving Net Zero,Certificate,60.0,Minimum Only,,,Math 20-2,50,,,,50,,,Active,English 30-2,50.0,Yes,No,No,No,No,,No,No,No,No
NAIT,Drone Training,Certificate,60.0,Minimum Only,,,Math 20-2,50,,,,50,,,Active,English 30-2,50.0,Yes,No,No,No,No,,No,No,No,No
NAIT,Emergency Medical Responder (EMR),Certificate,60.0,Minimum Only,,,Math 20-2,50,,,,50,,,Active,English 30-2,50.0,Yes,No,No,No,No,,No,No,No,No
NAIT,Energy Process Operator,Certificate,60.0,Minimum Only,,,Math 20-2,50,,,,50,,,Active,English 30-2,50.0,Yes,No,No,No,No,,No,No,No,No
NAIT,Engineering Students to Craft Rope Suspension Bridges across Whitemud Creek,Certificate,60.0,Minimum Only,,,Math 20-2,50,,,,50,,,Active,English 30-2,50.0,Yes,No,No,No,No,,No,No,No,No
NAIT,English Summer Language Program,Certificate,60.0,Minimum Only,,,Math 20-2,50,,,,50,,,Active,English 30-2,50.0,Yes,No,No,No,No,,No,No,No,No
NAIT,Entrepreneurship Blue Book Program,Certificate,60.0,Minimum Only,,,Math 20-2,50,,,,50,,,Active,English 30-2,50.0,Yes,No,No,No,No,,No,No,No,No
NAIT,Entrepreneurship and Business Management,Diploma,65.0,Minimum Only,,,Math 30-2,50,,,,50,,,Active,English 30-2,50.0,Yes,No,No,No,No,,No,No,No,No
NAIT,"Equity, Diversity, and Inclusion",Certificate,60.0,Minimum Only,,,Math 20-2,50,,,,50,,,Active,English 30-2,50.0,Yes,No,No,No,No,,No,No,No,No
NAIT,Events & Programs,Certificate,60.0,Minimum Only,,,Math 20-2,50,,,,50,,,Active,English 30-2,50.0,Yes,No,No,No,No,,No,No,No,No
NAIT,Explore your options,Certificate,60.0,Minimum Only,,,Math 20-2,50,,,,50,,,Active,English 30-2,50.0,Yes,No,No,No,No,,No,No,No,No
NAIT,FAQ - Applying to a Program at NAIT,Certificate,60.0,Minimum Only,,,Math 20-2,50,,,,50,,,Active,English 30-2,50.0,Yes,No,No,No,No,,No,No,No,No
NAIT,Find a Program,Certificate,60.0,Minimum Only,,,Math 20-2,50,,,,50,,,Active,English 30-2,50.0,Yes,No,No,No,No,,No,No,No,No
NAIT,Fitness & Recreation Programs,Certificate,60.0,Minimum Only,,,Math 20-2,50,,,,50,,,Active,English 30-2,50.0,Yes,No,No,No,No,,No,No,No,No
NAIT,Full Stack Development Bootcamp,Certificate,60.0,Minimum Only,,,Math 20-2,50,,,,50,,,Active,English 30-2,50.0,Yes,No,No,No,No,,No,No,No,No
NAIT,Fundamentals of Cloud Programming,Certificate,60.0,Minimum Only,,,Math 20-2,50,,,,50,,,Active,English 30-2,50.0,Yes,No,No,No,No,,No,No,No,No
NAIT,Game Design (Area of Emphasis),Certificate,60.0,Minimum Only,,,Math 20-2,50,,,,50,,,Active,English 30-2,50.0,Yes,No,No,No,No,,No,No,No,No
NAIT,Game Programming (Area of Emphasis),Certificate,60.0,Minimum Only,,,Math 20-2,50,,,,50,,,Active,English 30-2,50.0,Yes,No,No,No,No,,No,No,No,No
NAIT,Generative AI: From Concepts to Real-World Solution,Certificate,60.0,Minimum Only,,,Math 20-2,50,,,,50,,,Active,English 30-2,50.0,Yes,No,No,No,No,,No,No,No,No
NAIT,Get hands-on with NAIT programs at Open House,Certificate,60.0,Minimum Only,,,Math 20-2,50,,,,50,,,Active,English 30-2,50.0,Yes,No,No,No,No,,No,No,No,No
NAIT,Glossary of NAIT Terms - MyNAIT,Certificate,60.0,Minimum Only,,,Math 20-2,50,,,,50,,,Active,English 30-2,50.0,Yes,No,No,No,No,,No,No,No,No
NAIT,Guest Chef in Residence 2024,Certificate,60.0,Minimum Only,,,Math 20-2,50,,,,50,,,Active,English 30-2,50.0,Yes,No,No,No,No,,No,No,No,No
NAIT,Hazard Assessment Program,Certificate,60.0,Minimum Only,,,Math 20-2,50,,,,50,,,Active,English 30-2,50.0,Yes,No,No,No,No,,No,No,No,No
NAIT,Health Science,Certificate,60.0,Minimum Only,,,Math 20-2,50,,,,50,,,Active,English 30-2,50.0,Yes,No,No,No,No,,No,No,No,No
NAIT,Home Inspection Training Program: Air Conditioning and Heat Pumps,Certificate,60.0,Minimum Only,,,Math 20-2,50,,,,50,,,Active,English 30-2,50.0,Yes,No,No,No,No,,No,No,No,No
NAIT,Home Inspection Training Program: Communication and Professional Practice,Certificate,60.0,Minimum Only,,,Math 20-2,50,,,,50,,,Active,English 30-2,50.0,Yes,No,No,No,No,,No,No,No,No
NAIT,Home Inspection Training Program: Electrical,Certificate,60.0,Minimum Only,,,Math 20-2,50,,,,50,,,Active,English 30-2,50.0,Yes,No,No,No,No,,No,No,No,No
NAIT,Home Inspection Training Program: Exterior,Certificate,60.0,Minimum Only,,,Math 20-2,50,,,,50,,,Active,English 30-2,50.0,Yes,No,No,No,No,,No,No,No,No
NAIT,Home Inspection Training Program: Heating I,Certificate,60.0,Minimum Only,,,Math 20-2,50,,,,50,,,Active,English 30-2,50.0,Yes,No,No,No,No,,No,No,No,No
NAIT,Home Inspection Training Program: Heating II,Certificate,60.0,Minimum Only,,,Math 20-2,50,,,,50,,,Active,English 30-2,50.0,Yes,No,No,No,No,,No,No,No,No
NAIT,Home Inspection Training Program: Insulation and Interior,Certificate,60.0,Minimum Only,,,Math 20-2,50,,,,50,,,Active,English 30-2,50.0,Yes,No,No,No,No,,No,No,No,No
NAIT,Home Inspection Training Program: Plumbing,Certificate,60.0,Minimum Only,,,Math 20-2,50,,,,50,,,Active,English 30-2,50.0,Yes,No,No,No,No,,No,No,No,No
NAIT,Home Inspection Training Program: Roofing,Certificate,60.0,Minimum Only,,,Math 20-2,50,,,,50,,,Active,English 30-2,50.0,Yes,No,No,No,No,,No,No,No,No
NAIT,Home Inspection Training Program: Structure,Certificate,60.0,Minimum Only,,,Math 20-2,50,,,,50,,,Active,English 30-2,50.0,Yes,No,No,No,No,,No,No,No,No
NAIT,Homeschool Students Form,Certificate,60.0,Minimum Only,,,Math 20-2,50,,,,50,,,Active,English 30-2,50.0,Yes,No,No,No,No,,No,No,No,No
NAIT,How To Apply,Certificate,60.0,Minimum Only,,,Math 20-2,50,,,,50,,,Active,English 30-2,50.0,Yes,No,No,No,No,,No,No,No,No
NAIT,ICON Student Managed Investment Fund,Certificate,60.0,Minimum Only,,,Math 20-2,50,,,,50,,,Active,English 30-2,50.0,Yes,No,No,No,No,,No,No,No,No
NAIT,IGNITE Program,Certificate,60.0,Minimum Only,,,Math 20-2,50,,,,50,,,Active,English 30-2,50.0,Yes,No,No,No,No,,No,No,No,No
NAIT,IT Business Analysis (Area of Emphasis),Diploma,65.0,Minimum Only,,,Math 30-2,50,,,,50,,,Active,English 30-2,50.0,Yes,No,No,No,No,,No,No,No,No
NAIT,IT System Administration (Area of Emphasis),Certificate,60.0,Minimum Only,,,Math 20-2,50,,,,50,,,Active,English 30-2,50.0,Yes,No,No,No,No,,No,No,No,No
NAIT,Implementing a Crisis Management Program,Diploma,65.0,Minimum Only,,,Math 30-2,50,,,,50,,,Active,English 30-2,50.0,Yes,No,No,No,No,,No,No,No,No
NAIT,Industry Engagement,Certificate,60.0,Minimum Only,,,Math 20-2,50,,,,50,,,Active,English 30-2,50.0,Yes,No,No,No,No,,No,No,No,No
NAIT,Innovation Challenge,Certificate,60.0,Minimum Only,,,Math 20-2,50,,,,50,,,Active,English 30-2,50.0,Yes,No,No,No,No,,No,No,No,No
NAIT,Interior Design Business Tools,Diploma,65.0,Minimum Only,,,Math 30-2,50,,,,50,,,Active,English 30-2,50.0,Yes,No,No,No,No,,No,No,No,No
NAIT,Intermediate Machine Centre Programming - Milling,Certificate,60.0,Minimum Only,,,Math 20-2,50,,,,50,,,Active,English 30-2,50.0,Yes,No,No,No,No,,No,No,No,No
NAIT,Intermediate Turning Centre Programming - Lathe,Certificate,60.0,Minimum Only,,,Math 20-2,50,,,,50,,,Active,English 30-2,50.0,Yes,No,No,No,No,,No,No,No,No
NAIT,International Peer Group,Certificate,60.0,Minimum Only,,,Math 20-2,50,,,,50,,,Active,English 30-2,50.0,Yes,No,No,No,No,,No,No,No,No
NAIT,International Society of Automation Courses,Certificate,60.0,Minimum Only,,,Math 20-2,50,,,,50,,,Active,English 30-2,50.0,Yes,No,No,No,No,,No,No,No,No
NAIT,International Student Program Changes,Certificate,60.0,Minimum Only,,,Math 20-2,50,,,,50,,,Active,English 30-2,50.0,Yes,No,No,No,No,,No,No,No,No
NAIT,Interprofessional Education,Certificate,60.0,Minimum Only,,,Math 20-2,50,,,,50,,,Active,English 30-2,50.0,Yes,No,No,No,No,,No,No,No,No
NAIT,Introduction to CNC Programming,Certificate,60.0,Minimum Only,,,Math 20-2,50,,,,50,,,Active,English 30-2,50.0,Yes,No,No,No,No,,No,No,No,No
NAIT,Introduction to Programming,Certificate,60.0,Minimum Only,,,Math 20-2,50,,,,50,,,Active,English 30-2,50.0,Yes,No,No,No,No,,No,No,No,No
NAIT,Introduction to Reforestation,Certificate,60.0,Minimum Only,,,Math 20-2,50,,,,50,,,Active,English 30-2,50.0,Yes,No,No,No,No,,No,No,No,No
NAIT,JR Shaw,Certificate,60.0,Minimum Only,,,Math 20-2,50,,,,50,,,Active,English 30-2,50.0,Yes,No,No,No,No,,No,No,No,No
NAIT,JR Shaw School of Business,Diploma,65.0,Minimum Only,,,Math 30-2,50,,,,50,,,Active,English 30-2,50.0,Yes,No,No,No,No,,No,No,No,No
NAIT,"JR Shaw School of Business Info Session - June 27, 2023",Diploma,65.0,Minimum Only,,,Math 30-2,50,,,,50,,,Active,English 30-2,50.0,Yes,No,No,No,No,,No,No,No,No
NAIT,Jill of All Trades,Certificate,60.0,Minimum Only,,,Math 20-2,50,,,,50,,,Active,English 30-2,50.0,Yes,No,No,No,No,,No,No,No,No
NAIT,Join the ICON team,Certificate,60.0,Minimum Only,,,Math 20-2,50,,,,50,,,Active,English 30-2,50.0,Yes,No,No,No,No,,No,No,No,No
NAIT,Logo Design and Visual Identity,Certificate,60.0,Minimum Only,,,Math 20-2,50,,,,50,,,Active,English 30-2,50.0,Yes,No,No,No,No,,No,No,No,No
NAIT,Machine Learning and Artificial Intelligence Bootcamp,Certificate,60.0,Minimum Only,,,Math 20-2,50,,,,50,,,Active,English 30-2,50.0,Yes,No,No,No,No,,No,No,No,No
NAIT,Mastering Power BI,Certificate,60.0,Minimum Only,,,Math 20-2,50,,,,50,,,Active,English 30-2,50.0,Yes,No,No,No,No,,No,No,No,No
NAIT,Materials Testing Labs,Certificate,60.0,Minimum Only,,,Math 20-2,50,,,,50,,,Active,English 30-2,50.0,Yes,No,No,No,No,,No,No,No,No
NAIT,Mature Student Form,Certificate,60.0,Minimum Only,,,Math 20-2,50,,,,50,,,Active,English 30-2,50.0,Yes,No,No,No,No,,No,No,No,No
NAIT,Mawji Centre for New Venture and Student Entrepreneurship,Certificate,60.0,Minimum Only,,,Math 20-2,50,,,,50,,,Active,English 30-2,50.0,Yes,No,No,No,No,,No,No,No,No
NAIT,Mawji Student Ambassador Program,Certificate,60.0,Minimum Only,,,Math 20-2,50,,,,50,,,Active,English 30-2,50.0,Yes,No,No,No,No,,No,No,No,No
NAIT,Mental Health and Well-Being,Certificate,60.0,Minimum Only,,,Math 20-2,50,,,,50,,,Active,English 30-2,50.0,Yes,No,No,No,No,,No,No,No,No
NAIT,Mentorship,Certificate,60.0,Minimum Only,,,Math 20-2,50,,,,50,,,Active,English 30-2,50.0,Yes,No,No,No,No,,No,No,No,No
NAIT,Mentorship at NAIT,Certificate,60.0,Minimum Only,,,Math 20-2,50,,,,50,,,Active,English 30-2,50.0,Yes,No,No,No,No,,No,No,No,No
NAIT,Microsoft Full-Stack Web Developer,Certificate,60.0,Minimum Only,,,Math 20-2,50,,,,50,,,Active,English 30-2,50.0,Yes,No,No,No,No,,No,No,No,No
NAIT,Microsoft Power Platform,Certificate,60.0,Minimum Only,,,Math 20-2,50,,,,50,,,Active,English 30-2,50.0,Yes,No,No,No,No,,No,No,No,No
NAIT,NAIT Apprenticeship Form,Apprenticeship,,Employer Required,,,Grade 10 Equivalent,50,,,,50,,,Active,Grade 10-12 Equivalent,50.0,,No,No,No,No,,No,No,No,No
NAIT,NAIT Bakes,Certificate,60.0,Minimum Only,,,Math 20-2,50,,,,50,,,Active,English 30-2,50.0,Yes,No,No,No,No,,No,No,No,No
NAIT,NAIT Code Word Form,Certificate,60.0,Minimum Only,,,Math 20-2,50,,,,50,,,Active,English 30-2,50.0,Yes,No,No,No,No,,No,No,No,No
NAIT,NAIT Event Check In,Certificate,60.0,Minimum Only,,,Math 20-2,50,,,,50,,,Active,English 30-2,50.0,Yes,No,No,No,No,,No,No,No,No
NAIT,NAIT Hiring Fair,Certificate,60.0,Minimum Only,,,Math 20-2,50,,,,50,,,Active,English 30-2,50.0,Yes,No,No,No,No,,No,No,No,No
NAIT,NAIT International Culinary Exchange,Certificate,60.0,Minimum Only,,,Math 20-2,50,,,,50,,,Active,English 30-2,50.0,Yes,No,No,No,No,,No,No,No,No
NAIT,NAIT International Sign Up,Certificate,60.0,Minimum Only,,,Math 20-2,50,,,,50,,,Active,English 30-2,50.0,Yes,No,No,No,No,,No,No,No,No
NAIT,NAIT Jill of all Trades Registration,Certificate,60.0,Minimum Only,,,Math 20-2,50,,,,50,,,Active,English 30-2,50.0,Yes,No,No,No,No,,No,No,No,No
NAIT,NAIT Launches Engagement Phase for Paused Programs,Certificate,60.0,Minimum Only,,,Math 20-2,50,,,,50,,,Active,English 30-2,50.0,Yes,No,No,No,No,,No,No,No,No
NAIT,NAIT Next In Trades Registration,Certificate,60.0,Minimum Only,,,Math 20-2,50,,,,50,,,Active,English 30-2,50.0,Yes,No,No,No,No,,No,No,No,No
NAIT,NAIT Olympic Culinary Team,Certificate,60.0,Minimum Only,,,Math 20-2,50,,,,50,,,Active,English 30-2,50.0,Yes,No,No,No,No,,No,No,No,No
NAIT,NAIT Open House Contest,Certificate,60.0,Minimum Only,,,Math 20-2,50,,,,50,,,Active,English 30-2,50.0,Yes,No,No,No,No,,No,No,No,No
NAIT,NAIT Surveying and Geospatial Events,Certificate,60.0,Minimum Only,,,Math 20-2,50,,,,50,,,Active,English 30-2,50.0,Yes,No,No,No,No,,No,No,No,No
NAIT,NAIT Work-Integrated Learning Project Chosen as One of 13 BHER-CEWIL Grant Initiative Recipients,Certificate,60.0,Minimum Only,,,Math 20-2,50,,,,50,,,Active,English 30-2,50.0,Yes,No,No,No,No,,No,No,No,No
NAIT,NAIT joins program launch to help students from the Philippines study in Canada,Certificate,60.0,Minimum Only,,,Math 20-2,50,,,,50,,,Active,English 30-2,50.0,Yes,No,No,No,No,,No,No,No,No
NAIT,NAIT launches 5 new programs,Certificate,60.0,Minimum Only,,,Math 20-2,50,,,,50,,,Active,English 30-2,50.0,Yes,No,No,No,No,,No,No,No,No
NAIT,NAIT reviews programs for future growth and innovation,Certificate,60.0,Minimum Only,,,Math 20-2,50,,,,50,,,Active,English 30-2,50.0,Yes,No,No,No,No,,No,No,No,No
NAIT,NAIT shifts to online lecture and theory program delivery until at least Jan. 21,Certificate,60.0,Minimum Only,,,Math 20-2,50,,,,50,,,Active,English 30-2,50.0,Yes,No,No,No,No,,No,No,No,No
NAIT,NAIT’s JR Shaw School of Business launches Accountant-in-Residence program,Diploma,65.0,Minimum Only,,,Math 30-2,50,,,,50,,,Active,English 30-2,50.0,Yes,No,No,No,No,,No,No,No,No
NAIT,National Payroll Institute Designation Programs,Certificate,60.0,Minimum Only,,,Math 20-2,50,,,,50,,,Active,English 30-2,50.0,Yes,No,No,No,No,,No,No,No,No
NAIT,Network Security,Certificate,60.0,Minimum Only,,,Math 20-2,50,,,,50,,,Active,English 30-2,50.0,Yes,No,No,No,No,,No,No,No,No
NAIT,"New NAIT program to bring more women-identifying individuals to construction, energy and manufacturi",Certificate,60.0,Minimum Only,,,Math 20-2,50,,,,50,,,Active,English 30-2,50.0,Yes,No,No,No,No,,No,No,No,No
NAIT,New drill rig operator program launched at NAIT,Certificate,60.0,Minimum Only,,,Math 20-2,50,,,,50,,,Active,English 30-2,50.0,Yes,No,No,No,No,,No,No,No,No
NAIT,New pilot program aims to fast-track medical device innovation,Certificate,60.0,Minimum Only,,,Math 20-2,50,,,,50,,,Active,English 30-2,50.0,Yes,No,No,No,No,,No,No,No,No
NAIT,Newcomers & International Student Form,Certificate,60.0,Minimum Only,,,Math 20-2,50,,,,50,,,Active,English 30-2,50.0,Yes,No,No,No,No,,No,No,No,No
NAIT,Next in Trades,Certificate,60.0,Minimum Only,,,Math 20-2,50,,,,50,,,Active,English 30-2,50.0,Yes,No,No,No,No,,No,No,No,No
NAIT,Nokia Bell Labs 5G Certification,Certificate,60.0,Minimum Only,,,Math 20-2,50,,,,50,,,Active,English 30-2,50.0,Yes,No,No,No,No,,No,No,No,No
NAIT,Office of Apprenticeship,Apprenticeship,,Employer Required,,,Grade 10 Equivalent,50,,,,50,,,Active,Grade 10-12 Equivalent,50.0,,No,No,No,No,,No,No,No,No
NAIT,Online Professional Development,Certificate,60.0,Minimum Only,,,Math 20-2,50,,,,50,,,Active,English 30-2,50.0,Yes,No,No,No,No,,No,No,No,No
NAIT,Open House,Certificate,60.0,Minimum Only,,,Math 20-2,50,,,,50,,,Active,English 30-2,50.0,Yes,No,No,No,No,,No,No,No,No
NAIT,Open Studies Pathway (School of Health and Life Sciences),Certificate,60.0,Minimum Only,,,Math 20-2,50,,,,50,,,Active,English 30-2,50.0,Yes,No,No,No,No,,No,No,No,No
NAIT,Outreach and Well-being Leaders (OWLs) Program,Certificate,60.0,Minimum Only,,,Math 20-2,50,,,,50,,,Active,English 30-2,50.0,Yes,No,No,No,No,,No,No,No,No
NAIT,Outreach and Well-being Leaders Engagement Team (OWLET),Certificate,60.0,Minimum Only,,,Math 20-2,50,,,,50,,,Active,English 30-2,50.0,Yes,No,No,No,No,,No,No,No,No
NAIT,Paramedicine Training at NAIT,Diploma,75.0,Mid-to-high 80s,,,Math 30-1,50,,,,50,,,Active,English 30-1,50.0,No,Yes,Yes,No,No,,No,No,No,No
NAIT,Partnership helps build careers in trades and technology - Giving,Certificate,60.0,Minimum Only,,,Math 20-2,50,,,,50,,,Active,English 30-2,50.0,Yes,No,No,No,No,,No,No,No,No
NAIT,Patient partners,Certificate,60.0,Minimum Only,,,Math 20-2,50,,,,50,,,Active,English 30-2,50.0,Yes,No,No,No,No,,No,No,No,No
NAIT,Payroll Professional Program,Certificate,60.0,Minimum Only,,,Math 20-2,50,,,,50,,,Active,English 30-2,50.0,Yes,No,No,No,No,,No,No,No,No
NAIT,Peer Mentorship,Certificate,60.0,Minimum Only,,,Math 20-2,50,,,,50,,,Active,English 30-2,50.0,Yes,No,No,No,No,,No,No,No,No
NAIT,Pitch it to Me,Certificate,60.0,Minimum Only,,,Math 20-2,50,,,,50,,,Active,English 30-2,50.0,Yes,No,No,No,No,,No,No,No,No
NAIT,Point-of-Care Ultrasound (POCUS),Certificate,60.0,Minimum Only,,,Math 20-2,50,,,,50,,,Active,English 30-2,50.0,Yes,No,No,No,No,,No,No,No,No
NAIT,Power Platform for SharePoint Online Owners,Certificate,60.0,Minimum Only,,,Math 20-2,50,,,,50,,,Active,English 30-2,50.0,Yes,No,No,No,No,,No,No,No,No
NAIT,Pre-Apprenticeship Courses,Apprenticeship,,Employer Required,,,Grade 10 Equivalent,50,,,,50,,,Active,Grade 10-12 Equivalent,50.0,,No,No,No,No,,No,No,No,No
NAIT,Professional Development for Real Estate Professionals,Certificate,60.0,Minimum Only,,,Math 20-2,50,,,,50,,,Active,English 30-2,50.0,Yes,No,No,No,No,,No,No,No,No
NAIT,Program Availability,Certificate,60.0,Minimum Only,,,Math 20-2,50,,,,50,,,Active,English 30-2,50.0,Yes,No,No,No,No,,No,No,No,No
NAIT,Program Preview Registration - School of Health & Life Sciences,Certificate,60.0,Minimum Only,,,Math 20-2,50,,,,50,,,Active,English 30-2,50.0,Yes,No,No,No,No,,No,No,No,No
NAIT,Program Preview Registration - School of Skilled Trades,Certificate,60.0,Minimum Only,,,Math 20-2,50,,,,50,,,Active,English 30-2,50.0,Yes,No,No,No,No,,No,No,No,No
NAIT,Program Previews,Certificate,60.0,Minimum Only,,,Math 20-2,50,,,,50,,,Active,English 30-2,50.0,Yes,No,No,No,No,,No,No,No,No
NAIT,Programmable Logic Controller Level I,Certificate,60.0,Minimum Only,,,Math 20-2,50,,,,50,,,Active,English 30-2,50.0,Yes,No,No,No,No,,No,No,No,No
NAIT,Programmable Logic Controller Level II,Certificate,60.0,Minimum Only,,,Math 20-2,50,,,,50,,,Active,English 30-2,50.0,Yes,No,No,No,No,,No,No,No,No
NAIT,Programming Python Web Applications,Certificate,60.0,Minimum Only,,,Math 20-2,50,,,,50,,,Active,English 30-2,50.0,Yes,No,No,No,No,,No,No,No,No
NAIT,Programs,Certificate,60.0,Minimum Only,,,Math 20-2,50,,,,50,,,Active,English 30-2,50.0,Yes,No,No,No,No,,No,No,No,No
NAIT,Python Developer,Certificate,60.0,Minimum Only,,,Math 20-2,50,,,,50,,,Active,English 30-2,50.0,Yes,No,No,No,No,,No,No,No,No
NAIT,Quality Management Referral Form,Diploma,65.0,Minimum Only,,,Math 30-2,50,,,,50,,,Active,English 30-2,50.0,Yes,No,No,No,No,,No,No,No,No
NAIT,Quantum for Engineers,Certificate,60.0,Minimum Only,,,Math 20-2,50,,,,50,,,Active,English 30-2,50.0,Yes,No,No,No,No,,No,No,No,No
NAIT,Quantum for Executives,Certificate,60.0,Minimum Only,,,Math 20-2,50,,,,50,,,Active,English 30-2,50.0,Yes,No,No,No,No,,No,No,No,No
NAIT,Questions,Certificate,60.0,Minimum Only,,,Math 20-2,50,,,,50,,,Active,English 30-2,50.0,Yes,No,No,No,No,,No,No,No,No
NAIT,QuickBooks Online Accounting,Diploma,65.0,Minimum Only,,,Math 30-2,50,,,,50,,,Active,English 30-2,50.0,Yes,No,No,No,No,,No,No,No,No
NAIT,Real Estate Licensing Alberta,Certificate,60.0,Minimum Only,,,Math 20-2,50,,,,50,,,Active,English 30-2,50.0,Yes,No,No,No,No,,No,No,No,No
NAIT,Risk Management for Cybersecurity,Diploma,65.0,Minimum Only,,,Math 30-2,50,,,,50,,,Active,English 30-2,50.0,Yes,No,No,No,No,,No,No,No,No
NAIT,Risk Management in Project & Quality Management,Diploma,65.0,Minimum Only,,,Math 30-2,50,,,,50,,,Active,English 30-2,50.0,Yes,No,No,No,No,,No,No,No,No
NAIT,Sandvik Coromant and NAIT continue to shape future of machining - Giving,Certificate,60.0,Minimum Only,,,Math 20-2,50,,,,50,,,Active,English 30-2,50.0,Yes,No,No,No,No,,No,No,No,No
NAIT,School of Construction and Building Sciences,Certificate,60.0,Minimum Only,,,Math 20-2,50,,,,50,,,Active,English 30-2,50.0,Yes,No,No,No,No,,No,No,No,No
NAIT,School of Energy and Natural Resources,Certificate,60.0,Minimum Only,,,Math 20-2,50,,,,50,,,Active,English 30-2,50.0,Yes,No,No,No,No,,No,No,No,No
NAIT,School of Health and Life Sciences,Certificate,60.0,Minimum Only,,,Math 20-2,50,,,,50,,,Active,English 30-2,50.0,Yes,No,No,No,No,,No,No,No,No
NAIT,School of Manufacturing and Automation,Certificate,60.0,Minimum Only,,,Math 20-2,50,,,,50,,,Active,English 30-2,50.0,Yes,No,No,No,No,,No,No,No,No
NAIT,School of Media and Information Technology,Certificate,60.0,Minimum Only,,,Math 20-2,50,,,,50,,,Active,English 30-2,50.0,Yes,No,No,No,No,,No,No,No,No
NAIT,School of Transportation,Certificate,60.0,Minimum Only,,,Math 20-2,50,,,,50,,,Active,English 30-2,50.0,Yes,No,No,No,No,,No,No,No,No
NAIT,Schools & Programs,Certificate,60.0,Minimum Only,,,Math 20-2,50,,,,50,,,Active,English 30-2,50.0,Yes,No,No,No,No,,No,No,No,No
NAIT,Search for Programs,Certificate,60.0,Minimum Only,,,Math 20-2,50,,,,50,,,Active,English 30-2,50.0,Yes,No,No,No,No,,No,No,No,No
NAIT,Siemens Digital Fundamentals and Programmable Logic Controllers,Certificate,60.0,Minimum Only,,,Math 20-2,50,,,,50,,,Active,English 30-2,50.0,Yes,No,No,No,No,,No,No,No,No
NAIT,Skilled Trades Diploma and Certificate Programs,Certificate,60.0,Minimum Only,,,Math 20-2,50,,,,50,,,Active,English 30-2,50.0,Yes,No,No,No,No,,No,No,No,No
NAIT,Skilled Trades Events Form,Certificate,60.0,Minimum Only,,,Math 20-2,50,,,,50,,,Active,English 30-2,50.0,Yes,No,No,No,No,,No,No,No,No
NAIT,Skills Alberta Contact Form,Certificate,60.0,Minimum Only,,,Math 20-2,50,,,,50,,,Active,English 30-2,50.0,Yes,No,No,No,No,,No,No,No,No
NAIT,Software Testing Associate,Certificate,60.0,Minimum Only,,,Math 20-2,50,,,,50,,,Active,English 30-2,50.0,Yes,No,No,No,No,,No,No,No,No
NAIT,"Solar panels shine despite winter's blast, NAIT study finds",Certificate,60.0,Minimum Only,,,Math 20-2,50,,,,50,,,Active,English 30-2,50.0,Yes,No,No,No,No,,No,No,No,No
NAIT,Sponsoring & Hiring Apprentices,Certificate,60.0,Minimum Only,,,Math 20-2,50,,,,50,,,Active,English 30-2,50.0,Yes,No,No,No,No,,No,No,No,No
NAIT,Student Case Competition Highlights 2017/18,Certificate,60.0,Minimum Only,,,Math 20-2,50,,,,50,,,Active,English 30-2,50.0,Yes,No,No,No,No,,No,No,No,No
NAIT,Student Promotional Awards 2018,Certificate,60.0,Minimum Only,,,Math 20-2,50,,,,50,,,Active,English 30-2,50.0,Yes,No,No,No,No,,No,No,No,No
NAIT,Student Promotional Awards 2019,Certificate,60.0,Minimum Only,,,Math 20-2,50,,,,50,,,Active,English 30-2,50.0,Yes,No,No,No,No,,No,No,No,No
NAIT,Student Success,Certificate,60.0,Minimum Only,,,Math 20-2,50,,,,50,,,Active,English 30-2,50.0,Yes,No,No,No,No,,No,No,No,No
NAIT,Students receive industry recognition and job placement for project,Certificate,60.0,Minimum Only,,,Math 20-2,50,,,,50,,,Active,English 30-2,50.0,Yes,No,No,No,No,,No,No,No,No
NAIT,Summer Programs,Certificate,60.0,Minimum Only,,,Math 20-2,50,,,,50,,,Active,English 30-2,50.0,Yes,No,No,No,No,,No,No,No,No
NAIT,Supply Chain Management,Diploma,65.0,Minimum Only,,,Math 30-2,50,,,,50,,,Active,English 30-2,50.0,Yes,No,No,No,No,,No,No,No,No
NAIT,Technical Drawing and Interpretation,Certificate,60.0,Minimum Only,,,Math 20-2,50,,,,50,,,Active,English 30-2,50.0,Yes,No,No,No,No,,No,No,No,No
NAIT,Thank you,Certificate,60.0,Minimum Only,,,Math 20-2,50,,,,50,,,Active,English 30-2,50.0,Yes,No,No,No,No,,No,No,No,No
NAIT,Thank you!,Certificate,60.0,Minimum Only,,,Math 20-2,50,,,,50,,,Active,English 30-2,50.0,Yes,No,No,No,No,,No,No,No,No
NAIT,Tips for Mature Students,Certificate,60.0,Minimum Only,,,Math 20-2,50,,,,50,,,Active,English 30-2,50.0,Yes,No,No,No,No,,No,No,No,No
NAIT,Tolko gives pivotal gift to NAIT Forestry Technology students - Giving,Certificate,60.0,Minimum Only,,,Math 20-2,50,,,,50,,,Active,English 30-2,50.0,Yes,No,No,No,No,,No,No,No,No
NAIT,Unique “Queers and Peers Mentorship” program celebrates 3 years at NAIT,Certificate,60.0,Minimum Only,,,Math 20-2,50,,,,50,,,Active,English 30-2,50.0,Yes,No,No,No,No,,No,No,No,No
NAIT,Unlocking the Power of AI: Practical Insights,Certificate,60.0,Minimum Only,,,Math 20-2,50,,,,50,,,Active,English 30-2,50.0,Yes,No,No,No,No,,No,No,No,No
NAIT,Visual Communications (Area of Emphasis),Certificate,60.0,Minimum Only,,,Math 20-2,50,,,,50,,,Active,English 30-2,50.0,Yes,No,No,No,No,,No,No,No,No
NAIT,Water and Wastewater Technician,Certificate,60.0,Minimum Only,,,Math 20-2,50,,,,50,,,Active,English 30-2,50.0,Yes,No,No,No,No,,No,No,No,No
NAIT,Web Design and Development (Area of Emphasis),Certificate,60.0,Minimum Only,,,Math 20-2,50,,,,50,,,Active,English 30-2,50.0,Yes,No,No,No,No,,No,No,No,No
NAIT,Women Leading and Building Canada’s Future,Certificate,60.0,Minimum Only,,,Math 20-2,50,,,,50,,,Active,English 30-2,50.0,Yes,No,No,No,No,,No,No,No,No
NAIT,Women of Steel™: Forging Forward Program Comes to Edmonton,Certificate,60.0,Minimum Only,,,Math 20-2,50,,,,50,,,Active,English 30-2,50.0,Yes,No,No,No,No,,No,No,No,No
NAIT,Work Integrated Learning,Certificate,60.0,Minimum Only,,,Math 20-2,50,,,,50,,,Active,English 30-2,50.0,Yes,No,No,No,No,,No,No,No,No
NAIT,geoLOGIC enhances students’ real-world skills and job prospects - Giving,Certificate,60.0,Minimum Only,,,Math 20-2,50,,,,50,,,Active,English 30-2,50.0,Yes,No,No,No,No,,No,No,No,No
NAIT,n-Tier Development Programming Architecture,Certificate,60.0,Minimum Only,,,Math 20-2,50,,,,50,,,Active,English 30-2,50.0,Yes,No,No,No,No,,No,No,No,No
NorQuest,Accounting Technician,N/A,N/A,N/A,English 30-1/30-2,50.0,Math 20-1/20-2 (or higher),65.0,N/A,N/A,N/A,N/A,N/A,N/A,N/A,N/A,N/A,N/A,N/A,N/A,N/A,N/A,N/A,N/A,N/A,N/A,N/A
NorQuest,Addictions Recovery Practitioner,N/A,N/A,N/A,English language proficiency,N/A,Unknown,N/A,N/A,N/A,N/A,N/A,N/A,N/A,N/A,N/A,N/A,N/A,N/A,N/A,N/A,N/A,N/A,N/A,N/A,N/A,N/A
NorQuest,Administrative Professional,N/A,N/A,N/A,English 30-1/30-2,50.0,Math (unspecified),50.0,N/A,N/A,N/A,N/A,N/A,N/A,N/A,N/A,N/A,N/A,N/A,N/A,N/A,N/A,N/A,N/A,N/A,N/A,N/A
NorQuest,Arts and Sciences Diploma,N/A,N/A,N/A,English 30-1/30-2,60.0,Unknown,N/A,N/A,N/A,N/A,N/A,N/A,N/A,N/A,N/A,N/A,N/A,N/A,N/A,N/A,N/A,N/A,N/A,N/A,N/A,N/A
NorQuest,"Biological, Life, and Health Sciences Specialization",N/A,N/A,N/A,English 30-1/30-2,60.0,Math 30-1,50.0,N/A,N/A,N/A,N/A,N/A,N/A,N/A,N/A,N/A,N/A,N/A,N/A,N/A,N/A,N/A,N/A,N/A,N/A,N/A
NorQuest,Building Service Worker,N/A,N/A,N/A,English language proficiency,N/A,Unknown,N/A,N/A,N/A,N/A,N/A,N/A,N/A,N/A,N/A,N/A,N/A,N/A,N/A,N/A,N/A,N/A,N/A,N/A,N/A,N/A
NorQuest,Business Administration,N/A,N/A,N/A,English 30-1/30-2,50.0,Math 20-1/20-2 (or higher),65.0,N/A,N/A,N/A,N/A,N/A,N/A,N/A,N/A,N/A,N/A,N/A,N/A,N/A,N/A,N/A,N/A,N/A,N/A,N/A
NorQuest,CAEC Readiness,N/A,N/A,N/A,English language proficiency,N/A,Unknown,N/A,N/A,N/A,N/A,N/A,N/A,N/A,N/A,N/A,N/A,N/A,N/A,N/A,N/A,N/A,N/A,N/A,N/A,N/A,N/A
NorQuest,Child and Youth Care,N/A,N/A,N/A,English 30-1/30-2,60.0,Unknown,N/A,N/A,N/A,N/A,N/A,N/A,N/A,N/A,N/A,N/A,N/A,N/A,N/A,N/A,N/A,N/A,N/A,N/A,N/A,N/A
NorQuest,Community Support Worker,N/A,N/A,N/A,English 30-1/30-2,60.0,Unknown,N/A,N/A,N/A,N/A,N/A,N/A,N/A,N/A,N/A,N/A,N/A,N/A,N/A,N/A,N/A,N/A,N/A,N/A,N/A,N/A
NorQuest,Content Creator,N/A,N/A,N/A,English 20-1,50.0,Math (unspecified),65.0,N/A,N/A,N/A,N/A,N/A,N/A,N/A,N/A,N/A,N/A,N/A,N/A,N/A,N/A,N/A,N/A,N/A,N/A,N/A
NorQuest,Dental Office Assistant,N/A,N/A,N/A,English 30-1/30-2,50.0,Placement test,N/A,N/A,N/A,N/A,N/A,N/A,N/A,N/A,N/A,N/A,N/A,N/A,N/A,N/A,N/A,N/A,N/A,N/A,N/A,N/A
NorQuest,Disability Studies,N/A,N/A,N/A,English 30-1/30-2,60.0,Unknown,N/A,N/A,N/A,N/A,N/A,N/A,N/A,N/A,N/A,N/A,N/A,N/A,N/A,N/A,N/A,N/A,N/A,N/A,N/A,N/A
NorQuest,Early Learning and Child Care – diploma,N/A,N/A,N/A,English 30-1/30-2,60.0,Unknown,N/A,N/A,N/A,N/A,N/A,N/A,N/A,N/A,N/A,N/A,N/A,N/A,N/A,N/A,N/A,N/A,N/A,N/A,N/A,N/A
NorQuest,Early Learning and Child Care – certificate,N/A,N/A,N/A,English 30-1/30-2,60.0,Unknown,N/A,N/A,N/A,N/A,N/A,N/A,N/A,N/A,N/A,N/A,N/A,N/A,N/A,N/A,N/A,N/A,N/A,N/A,N/A,N/A
NorQuest,Educational Assistant,N/A,N/A,N/A,English 30-1/30-2,60.0,Unknown,N/A,N/A,N/A,N/A,N/A,N/A,N/A,N/A,N/A,N/A,N/A,N/A,N/A,N/A,N/A,N/A,N/A,N/A,N/A,N/A
NorQuest,Energy Management,N/A,N/A,N/A,English 30-1/30-2,60.0,Math 30-1,50.0,N/A,N/A,N/A,N/A,N/A,N/A,N/A,N/A,N/A,N/A,N/A,N/A,N/A,N/A,N/A,N/A,N/A,N/A,N/A
NorQuest,Environmental Technician,N/A,N/A,N/A,English 30-1/30-2,50.0,Math 30-2,50.0,N/A,N/A,N/A,N/A,N/A,N/A,N/A,N/A,N/A,N/A,N/A,N/A,N/A,N/A,N/A,N/A,N/A,N/A,N/A
NorQuest,Introduction to Esports,N/A,N/A,N/A,English language proficiency,N/A,Unknown,N/A,N/A,N/A,N/A,N/A,N/A,N/A,N/A,N/A,N/A,N/A,N/A,N/A,N/A,N/A,N/A,N/A,N/A,N/A,N/A
NorQuest,Flight Attendant,N/A,N/A,N/A,English language proficiency,N/A,Unknown,N/A,N/A,N/A,N/A,N/A,N/A,N/A,N/A,N/A,N/A,N/A,N/A,N/A,N/A,N/A,N/A,N/A,N/A,N/A,N/A
NorQuest,Foundational Business and Entrepreneurial Skills in Healthcare,N/A,N/A,N/A,English language proficiency,N/A,Unknown,N/A,N/A,N/A,N/A,N/A,N/A,N/A,N/A,N/A,N/A,N/A,N/A,N/A,N/A,N/A,N/A,N/A,N/A,N/A,N/A
NorQuest,Greenhouse Practices and Operational Fundamentals,N/A,N/A,N/A,English language proficiency,N/A,Unknown,N/A,N/A,N/A,N/A,N/A,N/A,N/A,N/A,N/A,N/A,N/A,N/A,N/A,N/A,N/A,N/A,N/A,N/A,N/A,N/A
NorQuest,Health Care Aide,N/A,N/A,N/A,English 30-1/30-2,55.0,Placement test,N/A,N/A,N/A,N/A,N/A,N/A,N/A,N/A,N/A,N/A,N/A,N/A,N/A,N/A,N/A,N/A,N/A,N/A,N/A,N/A
NorQuest,Health Care Aide Workplace,N/A,N/A,N/A,English 30-1/30-2,55.0,Placement test,N/A,N/A,N/A,N/A,N/A,N/A,N/A,N/A,N/A,N/A,N/A,N/A,N/A,N/A,N/A,N/A,N/A,N/A,N/A,N/A
NorQuest,Health Information Management,N/A,N/A,N/A,English language proficiency,N/A,Unknown,N/A,N/A,N/A,N/A,N/A,N/A,N/A,N/A,N/A,N/A,N/A,N/A,N/A,N/A,N/A,N/A,N/A,N/A,N/A,N/A
NorQuest,Hospital Unit Clerk,N/A,N/A,N/A,English 30-1/30-2,50.0,Placement test,N/A,N/A,N/A,N/A,N/A,N/A,N/A,N/A,N/A,N/A,N/A,N/A,N/A,N/A,N/A,N/A,N/A,N/A,N/A,N/A
NorQuest,Hospitality Industry Fundamentals,N/A,N/A,N/A,English language proficiency,N/A,Unknown,N/A,N/A,N/A,N/A,N/A,N/A,N/A,N/A,N/A,N/A,N/A,N/A,N/A,N/A,N/A,N/A,N/A,N/A,N/A,N/A
NorQuest,Indigenous Studies,N/A,N/A,N/A,English 30-1/30-2,50.0,Unknown,N/A,N/A,N/A,N/A,N/A,N/A,N/A,N/A,N/A,N/A,N/A,N/A,N/A,N/A,N/A,N/A,N/A,N/A,N/A,N/A
NorQuest,Insurance Professional,N/A,N/A,N/A,English language proficiency,N/A,Unknown,N/A,N/A,N/A,N/A,N/A,N/A,N/A,N/A,N/A,N/A,N/A,N/A,N/A,N/A,N/A,N/A,N/A,N/A,N/A,N/A
NorQuest,Interdisciplinary Therapy Assistant,N/A,N/A,N/A,English 30-1/30-2,60.0,Math (unspecified),50.0,N/A,N/A,N/A,N/A,N/A,N/A,N/A,N/A,N/A,N/A,N/A,N/A,N/A,N/A,N/A,N/A,N/A,N/A,N/A
NorQuest,Introduction to Applied Research for Innovation,N/A,N/A,N/A,English language proficiency,N/A,Unknown,N/A,N/A,N/A,N/A,N/A,N/A,N/A,N/A,N/A,N/A,N/A,N/A,N/A,N/A,N/A,N/A,N/A,N/A,N/A,N/A
NorQuest,Introduction to Aviation Operations,N/A,N/A,N/A,English language proficiency,N/A,Unknown,N/A,N/A,N/A,N/A,N/A,N/A,N/A,N/A,N/A,N/A,N/A,N/A,N/A,N/A,N/A,N/A,N/A,N/A,N/A,N/A
NorQuest,Introduction to Healthcare Technology,N/A,N/A,N/A,English language proficiency,N/A,Unknown,N/A,N/A,N/A,N/A,N/A,N/A,N/A,N/A,N/A,N/A,N/A,N/A,N/A,N/A,N/A,N/A,N/A,N/A,N/A,N/A
NorQuest,Justice,N/A,N/A,N/A,English 30-1/30-2,60.0,Unknown,N/A,N/A,N/A,N/A,N/A,N/A,N/A,N/A,N/A,N/A,N/A,N/A,N/A,N/A,N/A,N/A,N/A,N/A,N/A,N/A
NorQuest,Leadership Training Certificate,N/A,N/A,N/A,English language proficiency,N/A,Unknown,N/A,N/A,N/A,N/A,N/A,N/A,N/A,N/A,N/A,N/A,N/A,N/A,N/A,N/A,N/A,N/A,N/A,N/A,N/A,N/A
NorQuest,Machine Learning Analyst,N/A,N/A,N/A,English 30-1/30-2,60.0,Math 30-1,50.0,N/A,N/A,N/A,N/A,N/A,N/A,N/A,N/A,N/A,N/A,N/A,N/A,N/A,N/A,N/A,N/A,N/A,N/A,N/A
NorQuest,Medical Device Reprocessing Technician,N/A,N/A,N/A,English 30-1/30-2,60.0,Placement test,N/A,N/A,N/A,N/A,N/A,N/A,N/A,N/A,N/A,N/A,N/A,N/A,N/A,N/A,N/A,N/A,N/A,N/A,N/A,N/A
NorQuest,Medical Office Assistant,N/A,N/A,N/A,English 30-1/30-2,50.0,Placement test,N/A,N/A,N/A,N/A,N/A,N/A,N/A,N/A,N/A,N/A,N/A,N/A,N/A,N/A,N/A,N/A,N/A,N/A,N/A,N/A
NorQuest,Mental Health and Addiction Support Worker,N/A,N/A,N/A,English 30-1/30-2,50.0,Unknown,N/A,N/A,N/A,N/A,N/A,N/A,N/A,N/A,N/A,N/A,N/A,N/A,N/A,N/A,N/A,N/A,N/A,N/A,N/A,N/A
NorQuest,Mental Health Recovery Practitioner,N/A,N/A,N/A,English language proficiency,N/A,Unknown,N/A,N/A,N/A,N/A,N/A,N/A,N/A,N/A,N/A,N/A,N/A,N/A,N/A,N/A,N/A,N/A,N/A,N/A,N/A,N/A
NorQuest,"New Media, Communications, and Technology Specialization",N/A,N/A,N/A,English 30-1/30-2,65.0,Unknown,N/A,N/A,N/A,N/A,N/A,N/A,N/A,N/A,N/A,N/A,N/A,N/A,N/A,N/A,N/A,N/A,N/A,N/A,N/A,N/A
NorQuest,Pharmacy Technician,N/A,N/A,N/A,English 30-1/30-2,60.0,Math 30-1,60.0,N/A,N/A,N/A,N/A,N/A,N/A,N/A,N/A,N/A,N/A,N/A,N/A,N/A,N/A,N/A,N/A,N/A,N/A,N/A
NorQuest,Practical Nurse,N/A,N/A,N/A,English 30-1/30-2,60.0,Math 20-1/20-2 (or higher),60.0,N/A,N/A,N/A,N/A,N/A,N/A,N/A,N/A,N/A,N/A,N/A,N/A,N/A,N/A,N/A,N/A,N/A,N/A,N/A
NorQuest,Settlement Studies,N/A,N/A,N/A,English 30-1/30-2,60.0,Placement test,N/A,N/A,N/A,N/A,N/A,N/A,N/A,N/A,N/A,N/A,N/A,N/A,N/A,N/A,N/A,N/A,N/A,N/A,N/A,N/A
NorQuest,Social Work,N/A,N/A,N/A,English 30-1/30-2,60.0,Placement test,N/A,N/A,N/A,N/A,N/A,N/A,N/A,N/A,N/A,N/A,N/A,N/A,N/A,N/A,N/A,N/A,N/A,N/A,N/A,N/A
NorQuest,Solar Photovoltaic (PV) Systems and Installation,N/A,N/A,N/A,English language proficiency,N/A,Unknown,N/A,N/A,N/A,N/A,N/A,N/A,N/A,N/A,N/A,N/A,N/A,N/A,N/A,N/A,N/A,N/A,N/A,N/A,N/A,N/A
NorQuest,Sustainability Coordinator,N/A,N/A,N/A,English 30-1/30-2,60.0,Math 30-1,50.0,N/A,N/A,N/A,N/A,N/A,N/A,N/A,N/A,N/A,N/A,N/A,N/A,N/A,N/A,N/A,N/A,N/A,N/A,N/A
NorQuest,Therapeutic Recreation,N/A,N/A,N/A,English 30-1/30-2,50.0,Placement test,N/A,N/A,N/A,N/A,N/A,N/A,N/A,N/A,N/A,N/A,N/A,N/A,N/A,N/A,N/A,N/A,N/A,N/A,N/A,N/A
NorQuest,Tourism Supply Chain Fundamentals,N/A,N/A,N/A,English language proficiency,N/A,Unknown,N/A,N/A,N/A,N/A,N/A,N/A,N/A,N/A,N/A,N/A,N/A,N/A,N/A,N/A,N/A,N/A,N/A,N/A,N/A,N/A
NorQuest,Veterinary Office Assistant,N/A,N/A,N/A,English 30-1/30-2,50.0,Placement test,N/A,N/A,N/A,N/A,N/A,N/A,N/A,N/A,N/A,N/A,N/A,N/A,N/A,N/A,N/A,N/A,N/A,N/A,N/A,N/A
