institution,program_name,credential,admission_type,minimum_average,competitive_average,english_requirement,math_requirement,required_courses,other_requirements,source_url
MacEwan,Human Service Administration,Bachelor of Applied Human Service Administration,,,,,,[],[],https://calendar.macewan.ca/programs/applied-degree-programs/bahsa-human-service-admin/
MacEwan,Behavioural Interventions Certificate,Certificate of Achievement,,,,,,[],[],https://calendar.macewan.ca/programs/certificates-achievement/behavioural-intervention/
MacEwan,Sustainability Studies,Certificate of Achievement,,,,,,[],[],https://calendar.macewan.ca/programs/certificates-achievement/sustainability/
MacEwan,Accounting and Strategic Measurement,Diploma,,,,,,[],[],https://calendar.macewan.ca/programs/certificates-diplomas/accounting-strategic-measurement/
MacEwan,Acupuncture,,,,,,,[],[],https://calendar.macewan.ca/programs/certificates-diplomas/acupuncture/
MacEwan,Asia Pacific Management,Diploma,,,,,,[],[],https://calendar.macewan.ca/programs/certificates-diplomas/asia-pacific-management/
MacEwan,Aviation Management (Major),Business Management Diploma,,,,,,[],[],https://calendar.macewan.ca/programs/certificates-diplomas/aviation-management/
MacEwan,Bridge to Canadian Nursing,Certificate,,,,,,[],[],https://calendar.macewan.ca/programs/certificates-diplomas/bridge-canadian-nursing/
MacEwan,Business Management,Certificate,,,,,,[],[],https://calendar.macewan.ca/programs/certificates-diplomas/business-management-certificate/
MacEwan,Business Management,Diploma,,,,,,[],[],https://calendar.macewan.ca/programs/certificates-diplomas/business-management-diploma/
MacEwan,Community Justice and Corrections,Diploma,,,,,,[],[],https://calendar.macewan.ca/programs/certificates-diplomas/community-justice-and-corrections
MacEwan,Community Justice and Corrections,Diploma,,,,,,[],[],https://calendar.macewan.ca/programs/certificates-diplomas/community-justice-and-corrections/
MacEwan,Early Learning and Child Care,,,,,,,[],[],https://calendar.macewan.ca/programs/certificates-diplomas/early-learning-child-care/
MacEwan,Educational Assistant,Certificate,,,,,,[],[],https://calendar.macewan.ca/programs/certificates-diplomas/educational-assistant/
MacEwan,Emergency Communications and Response,Certificate,,,,,,[],[],https://calendar.macewan.ca/programs/certificates-diplomas/emergency-communications-response/
MacEwan,Hearing Aid Practitioner,Diploma,,,,,,[],[],https://calendar.macewan.ca/programs/certificates-diplomas/hearing-aid-practitioner/
MacEwan,Human Resources Management,Certificate and Diploma,,,,,,[],[],https://calendar.macewan.ca/programs/certificates-diplomas/human-resources-management/
MacEwan,Insurance and Risk Management,Business Management Diploma,,,,,,[],[],https://calendar.macewan.ca/programs/certificates-diplomas/insurance-risk-management/
MacEwan,Investigative Studies,Diploma,,,,,,[],[],https://calendar.macewan.ca/programs/certificates-diplomas/investigative-studies/
MacEwan,Library and Information Technology,Diploma,,,,,,[],[],https://calendar.macewan.ca/programs/certificates-diplomas/library-information-technology/
MacEwan,Massage Therapy,,,,,,,[],[],https://calendar.macewan.ca/programs/certificates-diplomas/massage-therapy/
MacEwan,Office Assistant - Administrative major,Certificate,,,,,,[],[],https://calendar.macewan.ca/programs/certificates-diplomas/office-assistant-administrative/
MacEwan,Office Assistant - Legal major,Certificate,,,,,,[],[],https://calendar.macewan.ca/programs/certificates-diplomas/office-assistant-legal/
MacEwan,Office Assistant - Medical major,Certificate,,,,,,[],[],https://calendar.macewan.ca/programs/certificates-diplomas/office-assistant-medical/
MacEwan,Paralegal Studies,Diploma,,,,,,[],[],https://calendar.macewan.ca/programs/certificates-diplomas/paralegal-studies/
MacEwan,Physical Therapist Assistant / Occupational Therapist Assistant,Diploma,,,,,,[],[],https://calendar.macewan.ca/programs/certificates-diplomas/physical-occupational-therapist-assistant/
MacEwan,Police Studies,Diploma,,,,,,[],[],https://calendar.macewan.ca/programs/certificates-diplomas/police-studies/
MacEwan,Public Relations,Diploma,,,,,,[],[],https://calendar.macewan.ca/programs/certificates-diplomas/public-relations/
MacEwan,Social Work,Diploma,,,,,,[],[],https://calendar.macewan.ca/programs/certificates-diplomas/social-work/
MacEwan,Speech Language Pathologist Assistant,Diploma,,,,,,[],[],https://calendar.macewan.ca/programs/certificates-diplomas/speech-language-pathologist-assistant/
MacEwan,Travel and Tourism,,,,,,,[],[],https://calendar.macewan.ca/programs/certificates-diplomas/travel/
MacEwan,Anthropology (Major/Minor/Honours),Bachelor of Arts,,,,,,[],[],https://calendar.macewan.ca/programs/degree-programs/ba-anthropology/
MacEwan,Economics (Major/Minor/Honours),Bachelor of Arts,,,,,,[],[],https://calendar.macewan.ca/programs/degree-programs/ba-economics/
MacEwan,English (Major/Minor/Honours),Bachelor of Arts,,,,,,[],[],https://calendar.macewan.ca/programs/degree-programs/ba-english/
MacEwan,Minors - Bachelor of Arts,Bachelor,,,,,,[],[],https://calendar.macewan.ca/programs/degree-programs/ba-minors/
MacEwan,Philosophy (Major/Minor),Bachelor of Arts,,,,,,[],[],https://calendar.macewan.ca/programs/degree-programs/ba-philosophy/
MacEwan,Political Science (Major/Minor/Honours),Bachelor of Arts,,,,,,[],[],https://calendar.macewan.ca/programs/degree-programs/ba-political-science/
MacEwan,Psychology (Major/Minor/Honours),Bachelor of Arts,,,,,,[],[],https://calendar.macewan.ca/programs/degree-programs/ba-psychology/
MacEwan,Sociology (Major/Minor/Honours),Bachelor of Arts,,,,,,[],[],https://calendar.macewan.ca/programs/degree-programs/ba-sociology/
MacEwan,Bachelor of Arts Undeclared,Bachelor of Arts,,,,,,[],[],https://calendar.macewan.ca/programs/degree-programs/ba-undeclared/
MacEwan,Accounting (Major),Bachelor of Commerce,,,,,,[],[],https://calendar.macewan.ca/programs/degree-programs/bcom-accounting/
MacEwan,Human Resources Management (Major),Bachelor of Commerce,,,,,,[],[],https://calendar.macewan.ca/programs/degree-programs/bcom-human-resources-management/
MacEwan,International Business (Major),Bachelor of Commerce,,,,,,[],[],https://calendar.macewan.ca/programs/degree-programs/bcom-international-business/
MacEwan,Legal Studies in Business (Major),Bachelor of Commerce,,,,,,[],[],https://calendar.macewan.ca/programs/degree-programs/bcom-legal-studies-business/
MacEwan,Management (Major),Bachelor of Commerce,,,,,,[],[],https://calendar.macewan.ca/programs/degree-programs/bcom-management/
MacEwan,Marketing (Major),Bachelor of Commerce,,,,,,[],[],https://calendar.macewan.ca/programs/degree-programs/bcom-marketing/
MacEwan,Minors - Bachelor of Commerce,Bachelor,,,,,,[],[],https://calendar.macewan.ca/programs/degree-programs/bcom-minors/
MacEwan,Supply Chain Management (Major),Bachelor of Commerce,,,,,,[],[],https://calendar.macewan.ca/programs/degree-programs/bcom-supply-chain-management/
MacEwan,Bachelor of Commerce Undeclared,Bachelor of Commerce,,,,,,[],[],https://calendar.macewan.ca/programs/degree-programs/bcom-undeclared/
MacEwan,Journalism (Major),Bachelor of Communication Studies,,,,,,[],[],https://calendar.macewan.ca/programs/degree-programs/bcs-journalism/
MacEwan,Professional Communication (Major),Bachelor of Communication Studies,,,,,,[],[],https://calendar.macewan.ca/programs/degree-programs/bcs-professional-communication/
MacEwan,Public Relations (Major),Bachelor of Communication Studies,,,,,,[],[],https://calendar.macewan.ca/programs/degree-programs/bcs-public-relations/
MacEwan,Child and Youth Care,Bachelor of Child and Youth Care,,,,,,[],[],https://calendar.macewan.ca/programs/degree-programs/bcyc-child-youth-care/
MacEwan,Design,Bachelor of Design,,,,,,[],[],https://calendar.macewan.ca/programs/degree-programs/bdes-design/
MacEwan,Digital Experience Design (Major),Bachelor of Design,,,,,,[],[],https://calendar.macewan.ca/programs/degree-programs/bdes-digital-experience-design/
MacEwan,Early Childhood Curriculum Studies (BECCS),Bachelor of Early Childhood Curriculum Studies,,,,,,[],[],https://calendar.macewan.ca/programs/degree-programs/beccs-early-childhood-curriculum-studies/
MacEwan,Arts and Cultural Management (Major),Bachelor of Fine Arts,,,,,,[],[],https://calendar.macewan.ca/programs/degree-programs/bfa-arts-and-cultural-management/
MacEwan,Music Theatre Performance (Major),Bachelor of Fine Arts,,,,,,[],[],https://calendar.macewan.ca/programs/degree-programs/bfa-music-theatre-performance/
MacEwan,Studio Arts (Major),Bachelor of Fine Arts,,,,,,[],[],https://calendar.macewan.ca/programs/degree-programs/bfa-studio-arts/
MacEwan,Theatre Production (Major),Bachelor of Fine Arts,,,,,,[],[],https://calendar.macewan.ca/programs/degree-programs/bfa-theatre-production/
MacEwan,Composition Major – Bachelor of Music,Bachelor,,,,,,[],[],https://calendar.macewan.ca/programs/degree-programs/bmus-composition/
MacEwan,General (Major),Bachelor of Music,,,,,,[],[],https://calendar.macewan.ca/programs/degree-programs/bmus-general/
MacEwan,Performance (Major),Bachelor of Music,,,,,,[],[],https://calendar.macewan.ca/programs/degree-programs/bmus-performance/
MacEwan,Recording and Production (Major),Bachelor of Music,,,,,,[],[],https://calendar.macewan.ca/programs/degree-programs/bmus-recording-production/
MacEwan,Psychiatric Nursing,Bachelor of Psychiatric Nursing,,,,,,[],[],https://calendar.macewan.ca/programs/degree-programs/bpn-psychiatric-nursing/
MacEwan,Bachelor of Public Safety and Justice,Bachelor of Public Safety and Justice,,,,,,[],[],https://calendar.macewan.ca/programs/degree-programs/bpsj-public-safety-and-justice/
MacEwan,Applied Statistics (Major/Honours),Bachelor of Science,,,,,,[],[],https://calendar.macewan.ca/programs/degree-programs/bsc-applied-statistics/
MacEwan,Biological Sciences,Bachelor of Science,,,,,,[],[],https://calendar.macewan.ca/programs/degree-programs/bsc-biological-sciences/
MacEwan,Chemistry (Major),Bachelor of Science,,,,,,[],[],https://calendar.macewan.ca/programs/degree-programs/bsc-chemistry/
MacEwan,Computer Science (Major),Bachelor of Science,,,,,,[],[],https://calendar.macewan.ca/programs/degree-programs/bsc-computer-science/
MacEwan,Data Science (Major),Bachelor of Science,,,,,,[],[],https://calendar.macewan.ca/programs/degree-programs/bsc-data-science/
MacEwan,Environmental Sciences (Major),Bachelor of Science,,,,,,[],[],https://calendar.macewan.ca/programs/degree-programs/bsc-environmental-science/
MacEwan,Mathematical Sciences (Major),Bachelor of Science,,,,,,[],[],https://calendar.macewan.ca/programs/degree-programs/bsc-mathematical-sciences/
MacEwan,Mathematics (Major/Honours),Bachelor of Science,,,,,,[],[],https://calendar.macewan.ca/programs/degree-programs/bsc-mathematics/
MacEwan,Minors - Bachelor of Science,Bachelor,,,,,,[],[],https://calendar.macewan.ca/programs/degree-programs/bsc-minors/
MacEwan,Physical Sciences (Major),Bachelor of Science,,,,,,[],[],https://calendar.macewan.ca/programs/degree-programs/bsc-physical-sciences/
MacEwan,Psychology (Major/Minor/Honours),Bachelor of Science,,,,,,[],[],https://calendar.macewan.ca/programs/degree-programs/bsc-psychology/
MacEwan,Bachelor of Science Undeclared,Bachelor of Science,,,,,,[],[],https://calendar.macewan.ca/programs/degree-programs/bsc-undeclared/
MacEwan,Nursing,Bachelor of Science in Nursing,,,,,,[],[],https://calendar.macewan.ca/programs/degree-programs/bscn-nursing/
MacEwan,Social Work,Bachelor of Social Work,,,,,,[],[],https://calendar.macewan.ca/programs/degree-programs/bsw-social-work/
MacEwan,"Childhood, Youth, and Family Studies Minor",Minor,,,,,,[],[],https://calendar.macewan.ca/programs/degree-programs/childhood-youth-family-studies/
MacEwan,Minors - Fine Arts and Communication,,,,,,,[],[],https://calendar.macewan.ca/programs/degree-programs/ffac-minors/
MacEwan,Accounting Minor,Minor,,,,,,[],[],https://calendar.macewan.ca/programs/min-babs-accounting/
MacEwan,Arts and Cultural Management,,,,,,,[],[],https://calendar.macewan.ca/programs/min-babs-arts-cultural-management/
MacEwan,Business Law Minor,Minor,,,,,,[],[],https://calendar.macewan.ca/programs/min-babs-business-law/
MacEwan,Business Studies Minor,Minor,,,,,,[],[],https://calendar.macewan.ca/programs/min-babs-business-studies/
MacEwan,Classics Minor,Minor,,,,,,[],[],https://calendar.macewan.ca/programs/min-babs-classics/
MacEwan,Creative Writing Minor,Minor,,,,,,[],[],https://calendar.macewan.ca/programs/min-babs-creative-writing/
MacEwan,Cybersecurity Studies Minor,Minor,,,,,,[],[],https://calendar.macewan.ca/programs/min-babs-cybersecurity-studies/
MacEwan,Digital Experience Design,,,,,,,[],[],https://calendar.macewan.ca/programs/min-babs-digital-experience-design/
MacEwan,Earth and Planetary Sciences Minor,Minor,,,,,,[],[],https://calendar.macewan.ca/programs/min-babs-earth-planetary-sciences/
MacEwan,Environmental Sciences Minor,Minor,,,,,,[],[],https://calendar.macewan.ca/programs/min-babs-environmental-sciences/
MacEwan,Film Minor,Minor,,,,,,[],[],https://calendar.macewan.ca/programs/min-babs-film/
MacEwan,Finance Minor,Minor,,,,,,[],[],https://calendar.macewan.ca/programs/min-babs-finance/
MacEwan,French Minor,Minor,,,,,,[],[],https://calendar.macewan.ca/programs/min-babs-french/
MacEwan,Gender Studies Minor,Minor,,,,,,[],[],https://calendar.macewan.ca/programs/min-babs-gender-studies/
MacEwan,Human Resources Management Minor,Minor,,,,,,[],[],https://calendar.macewan.ca/programs/min-babs-human-resource-management/
MacEwan,Indigegogy Minor,Minor,,,,,,[],[],https://calendar.macewan.ca/programs/min-babs-indigegogy/
MacEwan,Marketing Minor,Minor,,,,,,[],[],https://calendar.macewan.ca/programs/min-babs-marketing/
MacEwan,Physics Minor,Minor,,,,,,[],[],https://calendar.macewan.ca/programs/min-babs-physics/
MacEwan,Planetary Physics Minor,Minor,,,,,,[],[],https://calendar.macewan.ca/programs/min-babs-planetary-physics/
MacEwan,Spanish Minor,Minor,,,,,,[],[],https://calendar.macewan.ca/programs/min-babs-spanish/
MacEwan,Urban Wellness Minor,Minor,,,,,,[],[],https://calendar.macewan.ca/programs/min-babs-urban-wellness/
MacEwan,Accounting Minor,Minor,,,,,,[],[],https://calendar.macewan.ca/programs/min-bcom-accounting/
MacEwan,Anthropology Minor,Minor,,,,,,[],[],https://calendar.macewan.ca/programs/min-bcom-anthropology/
MacEwan,Business Intelligence Minor,Minor,,,,,,[],[],https://calendar.macewan.ca/programs/min-bcom-business-intelligence/
MacEwan,Cybersecurity Studies Minor,Minor,,,,,,[],[],https://calendar.macewan.ca/programs/min-bcom-cybersecurity-studies/
MacEwan,Digital Experience Design Minor,Minor,,,,,,[],[],https://calendar.macewan.ca/programs/min-bcom-digital-experience-design/
MacEwan,Economics Minor,Minor,,,,,,[],[],https://calendar.macewan.ca/programs/min-bcom-economics/
MacEwan,Finance Minor,Minor,,,,,,[],[],https://calendar.macewan.ca/programs/min-bcom-finance/
MacEwan,French Minor,Minor,,,,,,[],[],https://calendar.macewan.ca/programs/min-bcom-french/
MacEwan,Human Resources Management Minor,Minor,,,,,,[],[],https://calendar.macewan.ca/programs/min-bcom-human-resources-management/
MacEwan,Innovation and Entrepreneurship Minor,Minor,,,,,,[],[],https://calendar.macewan.ca/programs/min-bcom-innovation-and-entrepreneurship/
MacEwan,International Business Minor,Minor,,,,,,[],[],https://calendar.macewan.ca/programs/min-bcom-international-business/
MacEwan,Journalism Minor,Minor,,,,,,[],[],https://calendar.macewan.ca/programs/min-bcom-journalism/
MacEwan,Legal Studies in Business Minor,Minor,,,,,,[],[],https://calendar.macewan.ca/programs/min-bcom-legal-studies-in-business/
MacEwan,Management Minor,Minor,,,,,,[],[],https://calendar.macewan.ca/programs/min-bcom-management/
MacEwan,Marketing Minor,Minor,,,,,,[],[],https://calendar.macewan.ca/programs/min-bcom-marketing/
MacEwan,Political Science Minor,Minor,,,,,,[],[],https://calendar.macewan.ca/programs/min-bcom-political-science/
MacEwan,Property Management Minor,Minor,,,,,,[],[],https://calendar.macewan.ca/programs/min-bcom-property-management/
MacEwan,Psychology Minor,Minor,,,,,,[],[],https://calendar.macewan.ca/programs/min-bcom-psychology/
MacEwan,Sociology Minor,Minor,,,,,,[],[],https://calendar.macewan.ca/programs/min-bcom-sociology/
MacEwan,Spanish Minor,Minor,,,,,,[],[],https://calendar.macewan.ca/programs/min-bcom-spanish/
MacEwan,Statistics Minor,Minor,,,,,,[],[],https://calendar.macewan.ca/programs/min-bcom-statistics/
MacEwan,Supply Chain Management Minor,Minor,,,,,,[],[],https://calendar.macewan.ca/programs/min-bcom-supply-chain-management/
MacEwan,Digital Experience Design Minor,Minor,,,,,,[],[],https://calendar.macewan.ca/programs/min-bcs-digital-experience-design/
MacEwan,Film Minor,Minor,,,,,,[],[],https://calendar.macewan.ca/programs/min-bcs-film/
MacEwan,Graphic Design Minor,Minor,,,,,,[],[],https://calendar.macewan.ca/programs/min-bcs-graphic-design
MacEwan,Graphic Design Minor,Minor,,,,,,[],[],https://calendar.macewan.ca/programs/min-bcs-graphic-design/
MacEwan,Journalism Minor,Minor,,,,,,[],[],https://calendar.macewan.ca/programs/min-bcs-journalism/
MacEwan,Professional Communication Minor,Minor,,,,,,[],[],https://calendar.macewan.ca/programs/min-bcs-professional-communication/
MacEwan,Music Career Management Minor,Minor,,,,,,[],[],https://calendar.macewan.ca/programs/min-bmus-music-career-management/
MacEwan,Music Education Minor,Minor,,,,,,[],[],https://calendar.macewan.ca/programs/min-bmus-music-education/
MacEwan,Music Technology and Production Minor,Minor,,,,,,[],[],https://calendar.macewan.ca/programs/min-bmus-music-technology-production/
MacEwan,Songwriting Minor,Minor,,,,,,[],[],https://calendar.macewan.ca/programs/min-bmus-songwriting/
MacEwan,Cybersecurity Studies Minor,Minor,,,,,,[],[],https://calendar.macewan.ca/programs/min-bpsj-cybersecurity-studies/
MacEwan,Behaviour Analysis,Post-Baccalaureate Certificate,,,,,,[],[],https://calendar.macewan.ca/programs/post-baccalaureate-certificate-programs/behaviour-analysis/
MacEwan,Digital Experience Design,Post-Diploma Certificate,,,,,,[],[],https://calendar.macewan.ca/programs/post-diploma-certificate-programs/digital-experience-design/
MacEwan,Gerontology,Post-Diploma Certificate,,,,,,[],[],https://calendar.macewan.ca/programs/post-diploma-certificate-programs/gerontology/
MacEwan,Hospice Palliative Care,Post-Diploma Certificate,,,,,,[],[],https://calendar.macewan.ca/programs/post-diploma-certificate-programs/hospice-palliative-care/
MacEwan,Occupational Health Nursing (OHN),Post-Diploma Certificate,,,,,,[],[],https://calendar.macewan.ca/programs/post-diploma-certificate-programs/occupational-health-nursing/
MacEwan,Perioperative Nursing,Post-Diploma Certificate,,,,,,[],[],https://calendar.macewan.ca/programs/post-diploma-certificate-programs/perioperative-nursing/
MacEwan,English as an Additional Language (EAL),,,,,,,[],[],https://calendar.macewan.ca/programs/university-entrance/eal/
MacEwan,Alberta Foundation Program (AFP),,,,,,,[],[],https://calendar.macewan.ca/programs/university-entrance/foundation-alberta/
MacEwan,Foundation Program International,,,,,,,[],[],https://calendar.macewan.ca/programs/university-entrance/foundation-international/
MacEwan,pimâcihisowin Foundation Program (PFP),,,,,,,[],[],https://calendar.macewan.ca/programs/university-entrance/foundation-pimacihisowin/
MacEwan,Academic Upgrading,,,,,,,[],[],https://calendar.macewan.ca/programs/university-entrance/university-preparation/
MacEwan,Bachelor of Physical Education Transfer,,,,,,,[],[],https://calendar.macewan.ca/programs/university-transfer/bpe-physical-education-transfer/
NAIT,C/C++ Programming Language,,,,,,,[],[],https://www.nait.ca/coned/c-cpp-programming-language
NAIT,Continuing Education Programs & Courses,,,,,,,[],[],https://www.nait.ca/coned/career-programs
NAIT,Construction Leadership and Supervision (CLS),Certificate,,,,,,[],[],https://www.nait.ca/coned/construction-leadership-and-supervision-program
NAIT,Core Programming,,,,,,,[],[],https://www.nait.ca/coned/core-programming
NAIT,Digital Marketing,Professional Certificate,,,,,,[],[],https://www.nait.ca/coned/digital-marketing-program
NAIT,National Payroll Institute Designation Programs,PCP and PLP designations,,,,,,[],[],https://www.nait.ca/coned/national-payroll-institute-program
NAIT,Programmable Logic Controller Level I,Certificate of Achievement,,,,,,[],[],https://www.nait.ca/coned/programmable-logic-controller
NAIT,Programmable Logic Controller Level II,Certificate of Achievement,,,,,,[],[],https://www.nait.ca/coned/programmable-logic-controller-ii
NAIT,Water and Wastewater Technician,Specialized Certificate,,,,,,[],[],https://www.nait.ca/coned/water-wastewater-tech-programming-distance
NAIT,Continuing Education Programs & Courses,,,,,,,[],[],https://www.nait.ca/continuing-education/programs-and-courses
NAIT,Credit Program Students,,,,,,,[],[],https://www.nait.ca/nait-authorized-agents/credit-program-students
NAIT,After Your Student Applies,,,,,,,[],[],https://www.nait.ca/nait-authorized-agents/credit-program-students/after-your-student-applies
NAIT,Before Your Student Applies,,,,,,,[],[],https://www.nait.ca/nait-authorized-agents/credit-program-students/before-your-student-applies
NAIT,Glossary of NAIT Terms - MyNAIT,,,,,,,[],[],https://www.nait.ca/nait-authorized-agents/credit-program-students/definition-of-nait-terms
NAIT,How To Apply,,,,,,,[],[],https://www.nait.ca/nait-authorized-agents/credit-program-students/how-to-apply
NAIT,NAIT joins program launch to help students from the Philippines study in Canada,,,,,,,[],[],https://www.nait.ca/nait/about/newsroom/2017/nait-joins-program-launch-to-help-students-from-th
NAIT,New drill rig operator program launched at NAIT,,,,,,,[],[],https://www.nait.ca/nait/about/newsroom/2017/new-drill-rig-operator-program-launched-at-nait
NAIT,Get hands-on with NAIT programs at Open House,,,,,,,[],[],https://www.nait.ca/nait/about/newsroom/2018/get-hands-on-with-nait-programs-at-open-house
NAIT,NAIT shifts to online lecture and theory program delivery until at least Jan. 21,,,,,,,[],[],https://www.nait.ca/nait/about/newsroom/2021/nait-shifts-to-online-lecture-and-theory-program-d
NAIT,5 programs receive government funding for expansion,,,,,,,[],[],https://www.nait.ca/nait/about/newsroom/2022/5-programs-receive-government-funding-for-expansio
NAIT,Women of Steel™: Forging Forward Program Comes to Edmonton,,,,,,,[],[],https://www.nait.ca/nait/about/newsroom/2023/women-of-steel™-forging-forward-program-comes-to-e
NAIT,NAIT launches 5 new programs,,,,,,,[],[],https://www.nait.ca/nait/about/newsroom/2024/nait-launches-5-new-programs
NAIT,"New NAIT program to bring more women-identifying individuals to construction, energy and manufacturi",,,,,,,[],[],https://www.nait.ca/nait/about/newsroom/2024/new-nait-program-to-bring-more-women-identifying-i
NAIT,Unique “Queers and Peers Mentorship” program celebrates 3 years at NAIT,,,,,,,[],[],https://www.nait.ca/nait/about/newsroom/2024/unique-queers-and-peers-mentorship-program-celebra
NAIT,NAIT Launches Engagement Phase for Paused Programs,,,,,,,[],[],https://www.nait.ca/nait/about/newsroom/2025/nait-launches-engagement-phase-for-paused-programs
NAIT,NAIT reviews programs for future growth and innovation,,,,,,,[],[],https://www.nait.ca/nait/about/newsroom/2025/nait-reviews-programs-for-future-growth-and-innova
NAIT,New pilot program aims to fast-track medical device innovation,,,,,,,[],[],https://www.nait.ca/nait/about/newsroom/2025/new-pilot-program-aims-to-fast-track-medical-devic
NAIT,All other NAIT programs,,,,,,,[],[],https://www.nait.ca/nait/admissions/applying-to-nait/entrance-requirements/english-language-proficiency/formal-assessment/all-other-nait-programs
NAIT,Health Science,,,,,,,[],[],https://www.nait.ca/nait/admissions/applying-to-nait/entrance-requirements/english-language-proficiency/formal-assessment/most-health-science-programs
NAIT,Competitive Entrance,,,,,,,[],[],https://www.nait.ca/nait/admissions/applying-to-nait/entrance-requirements/how-does-nait-evaluate-my-application/competitive-entrance-programs
NAIT,Find a Program,,,,,,,[],[],https://www.nait.ca/nait/admissions/programs
NAIT,Choosing Your NAIT Program,,,,,,,[],[],https://www.nait.ca/nait/admissions/programs/choosing-your-nait-program
NAIT,Tips for Mature Students,,,,,,,[],[],https://www.nait.ca/nait/admissions/programs/mature-students
NAIT,Program Availability,,,,,,,[],[],https://www.nait.ca/nait/admissions/programs/program-availability-domestic
NAIT,Program Availability,,,,,,,[],[],https://www.nait.ca/nait/admissions/programs/program-availability-international
NAIT,Program Previews,,,,,,,[],[],https://www.nait.ca/nait/admissions/tours-events-and-info-sessions/program-previews
NAIT,Business Innovation Showcase,,,,,,,[],[],https://www.nait.ca/nait/business-industry/mawji-centre/events-programs/business-innovation-showcase
NAIT,Entrepreneurship Blue Book Program,,,,,,,[],[],https://www.nait.ca/nait/business-industry/mawji-centre/events-programs/entrepreneurial-blue-book-program
NAIT,Innovation Challenge,,,,,,,[],[],https://www.nait.ca/nait/business-industry/mawji-centre/events-programs/innovation-challenge
NAIT,Pitch it to Me,,,,,,,[],[],https://www.nait.ca/nait/business-industry/mawji-centre/events-programs/pitch-it-to-me
NAIT,Mawji Student Ambassador Program,,,,,,,[],[],https://www.nait.ca/nait/business-industry/mawji-centre/events-programs/student-ambassador-program
NAIT,FAQ - Applying to a Program at NAIT,,,,,,,[],[],https://www.nait.ca/nait/contact/faq/applying-to-a-program-at-nait
NAIT,n-Tier Development Programming Architecture,Course / part of Database Administrator program,,,,,,[],[],https://www.nait.ca/nait/continuing-education/courses/cctb140-n-tier-development-programming-architect
NAIT,Fundamentals of Cloud Programming,Course / part of Data Engineer Certificate,,,,,,[],[],https://www.nait.ca/nait/continuing-education/courses/cctb673-fundamentals-of-cloud-programming
NAIT,Introduction to Programming,Course / part of Core Programming or Python Developer,,,,,,[],[],https://www.nait.ca/nait/continuing-education/courses/cctp10-introduction-to-programming
NAIT,CLA: Programming Essentials in C,Course / part of C/C++ Programming Language group,,,,,,[],[],https://www.nait.ca/nait/continuing-education/courses/cctp135-cla-programming-essentials-in-c
NAIT,CPA: Programming Essentials in C++,Course / part of C/C++ Programming Language group,,,,,,[],[],https://www.nait.ca/nait/continuing-education/courses/cctp136-cpa-programming-essentials-in-c
NAIT,Programming Python Web Applications,Course / part of Core Programming or Python Developer,,,,,,[],[],https://www.nait.ca/nait/continuing-education/courses/cctp21-programming-python-web-applications
NAIT,Business Continuity Management Program (BCMP) Sustainment,Course / part of Business Continuity Certificate or Business Risk Management,,,,,,[],[],https://www.nait.ca/nait/continuing-education/courses/cdem306-business-continuity-management-program-(bc
NAIT,Implementing a Crisis Management Program,Course / part of Advanced Healthcare Leadership or Crisis Management Essentials Certificate,,,,,,[],[],https://www.nait.ca/nait/continuing-education/courses/cdem605-implementing-a-crisis-management-program
NAIT,Payroll Professional Program,Course / part of National Payroll Institute Designation Programs,,,,,,[],[],https://www.nait.ca/nait/continuing-education/courses/cpay500-payroll-professional-program
NAIT,Introduction to CNC Programming,"Course / part of Industrial Automation and Controls or Robotics, Automation and Control Certificate",,,,,,[],[],https://www.nait.ca/nait/continuing-education/courses/iacc106-introduction-to-cnc-programming
NAIT,Home Inspection Training Program: Communication and Professional Practice,Course / part of Home Inspection Certificate,,,,,,[],[],https://www.nait.ca/nait/continuing-education/courses/insp101-home-inspection-training-program-communica
NAIT,Home Inspection Training Program: Structure,Course / part of Home Inspection Certificate,,,,,,[],[],https://www.nait.ca/nait/continuing-education/courses/insp102-home-inspection-training-program-structure
NAIT,Home Inspection Training Program: Insulation and Interior,Course / part of Home Inspection Certificate,,,,,,[],[],https://www.nait.ca/nait/continuing-education/courses/insp103-home-inspection-training-program-insulatio
NAIT,Home Inspection Training Program: Exterior,Course / part of Home Inspection Certificate,,,,,,[],[],https://www.nait.ca/nait/continuing-education/courses/insp104-home-inspection-training-program-exterior
NAIT,Home Inspection Training Program: Roofing,Course / part of Home Inspection Certificate,,,,,,[],[],https://www.nait.ca/nait/continuing-education/courses/insp105-home-inspection-training-program-roofing
NAIT,Home Inspection Training Program: Electrical,Course / part of Home Inspection Certificate,,,,,,[],[],https://www.nait.ca/nait/continuing-education/courses/insp201-home-inspection-training-program-electrica
NAIT,Home Inspection Training Program: Heating I,Course / part of Home Inspection Certificate,,,,,,[],[],https://www.nait.ca/nait/continuing-education/courses/insp202-home-inspection-training-program-heating-i
NAIT,Home Inspection Training Program: Heating II,Course / part of Home Inspection Certificate,,,,,,[],[],https://www.nait.ca/nait/continuing-education/courses/insp203-home-inspection-training-program-heating-i
NAIT,Home Inspection Training Program: Air Conditioning and Heat Pumps,Course / part of Home Inspection Certificate,,,,,,[],[],https://www.nait.ca/nait/continuing-education/courses/insp204-home-inspection-training-program-air-condi
NAIT,Home Inspection Training Program: Plumbing,Course / part of Home Inspection Certificate,,,,,,[],[],https://www.nait.ca/nait/continuing-education/courses/insp205-home-inspection-training-program-plumbing
NAIT,Basic Machine Centre Programming - Milling,Course / part of Computer Numerical Control (CNC) Certificate,,,,,,[],[],https://www.nait.ca/nait/continuing-education/courses/mach204-basic-machine-centre-programming
NAIT,Intermediate Machine Centre Programming - Milling,Course / part of Computer Numerical Control (CNC) Certificate,,,,,,[],[],https://www.nait.ca/nait/continuing-education/courses/mach205-intermediate-machine-centre-programming
NAIT,Advanced Machining Centre Programming - Milling,Course / part of Computer Numerical Control (CNC) Certificate,,,,,,[],[],https://www.nait.ca/nait/continuing-education/courses/mach206-advanced-machining-centre-programming
NAIT,Basic Turning Centre Programming - Lathe,Course / part of Computer Numerical Control (CNC) Certificate,,,,,,[],[],https://www.nait.ca/nait/continuing-education/courses/mach304-basic-turning-centre-programming
NAIT,Intermediate Turning Centre Programming - Lathe,Course / part of Computer Numerical Control (CNC) Certificate,,,,,,[],[],https://www.nait.ca/nait/continuing-education/courses/mach305-intermediate-turning-centre-programming
NAIT,Advanced Turning Centre Programming - Lathe,Course / part of Computer Numerical Control (CNC) Certificate,,,,,,[],[],https://www.nait.ca/nait/continuing-education/courses/mach306-advanced-turning-centre-programming
NAIT,Siemens Digital Fundamentals and Programmable Logic Controllers,Course,,,,,,[],[],https://www.nait.ca/nait/continuing-education/courses/smec140-siemens-digital-fundamentals-and-programma
NAIT,Emergency Medical Responder (EMR),,,,,,,[],[],https://www.nait.ca/nait/continuing-education/forms/emr-program-completion
NAIT,Quality Management Referral Form,,,,,,,[],[],https://www.nait.ca/nait/continuing-education/forms/quality-management-program-registration
NAIT,Continuing Education Programs & Courses,,,,,,,[],[],https://www.nait.ca/nait/continuing-education/programs-and-courses/business-leadership
NAIT,Continuing Education Programs & Courses,,,,,,,[],[],https://www.nait.ca/nait/continuing-education/programs-and-courses/construction-trades-and-manufacturing
NAIT,Continuing Education Programs & Courses,,,,,,,[],[],https://www.nait.ca/nait/continuing-education/programs-and-courses/energy-and-environment
NAIT,Continuing Education Programs & Courses,,,,,,,[],[],https://www.nait.ca/nait/continuing-education/programs-and-courses/health
NAIT,Continuing Education Programs & Courses,,,,,,,[],[],https://www.nait.ca/nait/continuing-education/programs-and-courses/how-to-register-for-non-credit-programs-and-course
NAIT,Corporate Training Inquiry,,,,,,,[],[],https://www.nait.ca/nait/continuing-education/programs-and-courses/how-to-register-for-non-credit-programs-and-course/group-registration-and-corporate-training
NAIT,Online Professional Development,,,,,,,[],[],https://www.nait.ca/nait/continuing-education/programs-and-courses/online-professional-development
NAIT,Continuing Education Programs & Courses,,,,,,,[],[],https://www.nait.ca/nait/continuing-education/programs-and-courses/productivity-and-project-management
NAIT,Advanced Healthcare Leadership,,,,,,,[],[],https://www.nait.ca/nait/continuing-education/programs/advanced-healthcare-leadership
NAIT,Agentic AI Foundation,Certificate,,,,,,[],[],https://www.nait.ca/nait/continuing-education/programs/agentic-ai-foundation
NAIT,AI and Data Governance for Innovation and Impact,Certificate,,,,,,[],[],https://www.nait.ca/nait/continuing-education/programs/ai-and-data-governance-certificate
NAIT,AI-Driven Project Management,,,,,,,[],[],https://www.nait.ca/nait/continuing-education/programs/ai-driven-project-management
NAIT,Apple iOS iPhone/iPad Mobile Developer,Certificate of Achievement,,,,,,[],[],https://www.nait.ca/nait/continuing-education/programs/apple-ios-iphone-ipad-mobile-developer-certificate
NAIT,Blockchain Smart Contract,,,,,,,[],[],https://www.nait.ca/nait/continuing-education/programs/blockchain-smart-contract
NAIT,Breast Sonography,Certificate,,,,,,[],[],https://www.nait.ca/nait/continuing-education/programs/breast-sonography
NAIT,Business Risk Management,,,,,,,[],[],https://www.nait.ca/nait/continuing-education/programs/business-risk-management
NAIT,Canadian Registered Safety Technician (CRST),,,,,,,[],[],https://www.nait.ca/nait/continuing-education/programs/canadian-registered-safety-technician
NAIT,Certified Risk Management Professional (CRMP),,,,,,,[],[],https://www.nait.ca/nait/continuing-education/programs/certified-risk-management-professional
NAIT,Clean Energy,,,,,,,[],[],https://www.nait.ca/nait/continuing-education/programs/clean-energy
NAIT,AWS Academy Cloud,,,,,,,[],[],https://www.nait.ca/nait/continuing-education/programs/computer-training-centre/aws-academy-cloud-foundations
NAIT,Power Platform for SharePoint Online Owners,Certificate,,,,,,[],[],https://www.nait.ca/nait/continuing-education/programs/computer-training-centre/power-platform-for-sharepoint-online-owners
NAIT,QuickBooks Online Accounting,Certificate,,,,,,[],[],https://www.nait.ca/nait/continuing-education/programs/computer-training-centre/quickbooks-online-accounting
NAIT,Software Testing Associate,Certificate,,,,,,[],[],https://www.nait.ca/nait/continuing-education/programs/computer-training-centre/software-testing-associate-certificate
NAIT,Digital Marketing Associate Tracks,,,,,,,[],[],https://www.nait.ca/nait/continuing-education/programs/digital-marketing-associate-tracks
NAIT,Digital Marketing Professional Certification,,,,,,,[],[],https://www.nait.ca/nait/continuing-education/programs/digital-marketing-professional-certification
NAIT,Digital Marketing Specialist,,,,,,,[],[],https://www.nait.ca/nait/continuing-education/programs/digital-marketing-specialist
NAIT,Drone Training,Certificate of Completion,,,,,,[],[],https://www.nait.ca/nait/continuing-education/programs/drone-training-certificate
NAIT,Energy Process Operator,Certificate,,,,,,[],[],https://www.nait.ca/nait/continuing-education/programs/energy-process-operator
NAIT,Entrepreneurship and Business Management,,,,,,,[],[],https://www.nait.ca/nait/continuing-education/programs/entrepreneurship
NAIT,"Equity, Diversity, and Inclusion",Certificate,,,,,,[],[],https://www.nait.ca/nait/continuing-education/programs/equity-diversity-and-inclusion
NAIT,Full Stack Development Bootcamp,,,,,,,[],[],https://www.nait.ca/nait/continuing-education/programs/full-stack-development
NAIT,Generative AI: From Concepts to Real-World Solution,,,,,,,[],[],https://www.nait.ca/nait/continuing-education/programs/generative-ai-from-concepts-to-real-world-solutio
NAIT,Interior Design Business Tools,,,,,,,[],[],https://www.nait.ca/nait/continuing-education/programs/interior-design-entrepreneurship
NAIT,International Society of Automation Courses,,,,,,,[],[],https://www.nait.ca/nait/continuing-education/programs/international-society-of-automation
NAIT,Introduction to Reforestation,Certificate,,,,,,[],[],https://www.nait.ca/nait/continuing-education/programs/introduction-to-reforestation
NAIT,Logo Design and Visual Identity,Certificate,,,,,,[],[],https://www.nait.ca/nait/continuing-education/programs/logo-design
NAIT,Machine Learning and Artificial Intelligence Bootcamp,,,,,,,[],[],https://www.nait.ca/nait/continuing-education/programs/machine-learning-and-artificial-intelligence
NAIT,Mastering Power BI,Certificate,,,,,,[],[],https://www.nait.ca/nait/continuing-education/programs/mastering-power-bi
NAIT,Mental Health and Well-Being,,,,,,,[],[],https://www.nait.ca/nait/continuing-education/programs/mental-health-and-well-being
NAIT,Microsoft Full-Stack Web Developer,Certificate,,,,,,[],[],https://www.nait.ca/nait/continuing-education/programs/microsoft-full-stack-web-developer-certificate
NAIT,Microsoft Power Platform,Certificate,,,,,,[],[],https://www.nait.ca/nait/continuing-education/programs/microsoft-power-platform-certification
NAIT,Network Security,Certificate,,,,,,[],[],https://www.nait.ca/nait/continuing-education/programs/network-security-certificate
NAIT,Point-of-Care Ultrasound (POCUS),,,,,,,[],[],https://www.nait.ca/nait/continuing-education/programs/point-of-care-ultrasound-(pocus)
NAIT,Pre-Apprenticeship Courses,,,,,,,[],[],https://www.nait.ca/nait/continuing-education/programs/pre-apprenticeship-courses
NAIT,Python Developer,Certificate,,,,,,[],[],https://www.nait.ca/nait/continuing-education/programs/python-developer
NAIT,Quantum for Engineers,Certificate,,,,,,[],[],https://www.nait.ca/nait/continuing-education/programs/quantum-for-engineers
NAIT,Quantum for Executives,Certificate,,,,,,[],[],https://www.nait.ca/nait/continuing-education/programs/quantum-for-executives
NAIT,Real Estate Licensing Alberta,,,,,,,[],[],https://www.nait.ca/nait/continuing-education/programs/real-estate-licensing-alberta-(rela)
NAIT,Professional Development for Real Estate Professionals,,,,,,,[],[],https://www.nait.ca/nait/continuing-education/programs/real-estate-professional-development
NAIT,Risk Management for Cybersecurity,,,,,,,[],[],https://www.nait.ca/nait/continuing-education/programs/risk-management-for-cybersecurity
NAIT,Risk Management in Project & Quality Management,,,,,,,[],[],https://www.nait.ca/nait/continuing-education/programs/risk-management-in-project-quality-management
NAIT,Supply Chain Management,,,,,,,[],[],https://www.nait.ca/nait/continuing-education/programs/supply-chain-management
NAIT,Technical Drawing and Interpretation,,,,,,,[],[],https://www.nait.ca/nait/continuing-education/programs/technical-drawing-and-interpretation-courses
NAIT,Unlocking the Power of AI: Practical Insights,Certificate of Completion,,,,,,[],[],https://www.nait.ca/nait/continuing-education/programs/unlocking-the-power-of-ai-practical-insights
NAIT,Nokia Bell Labs 5G Certification,,,,,,,[],[],https://www.nait.ca/nait/corporate-continuing-education/programs/nokia-bell-labs-5g-certification
NAIT,Summer Programs,,,,,,,[],[],https://www.nait.ca/nait/international/global-learning/study-abroad-opportunities/summer-programs
NAIT,Alberta Advantage Immigration Program,,,,,,,[],[],https://www.nait.ca/nait/international/immigration-visa-requirements/alberta-advantage-immigration-program
NAIT,International Student Program Changes,,,,,,,[],[],https://www.nait.ca/nait/international/immigration-visa-requirements/international-student-program-changes
NAIT,English Summer Language Program,Certificate of Completion,,,,,,[],[],https://www.nait.ca/nait/marketing/english-summer-language-program
NAIT,Schools & Programs,,,,,,,[],[],https://www.nait.ca/nait/schools-programs
NAIT,Apprentice Sponsorship,,,,,,,[],[],https://www.nait.ca/nait/schools-programs/forms/apprentice-sponsorship
NAIT,Be Future Ready Form,,,,,,,[],[],https://www.nait.ca/nait/schools-programs/forms/be-future-ready-form
NAIT,Homeschool Students Form,,,,,,,[],[],https://www.nait.ca/nait/schools-programs/forms/homeschool-students-form
NAIT,Mature Student Form,,,,,,,[],[],https://www.nait.ca/nait/schools-programs/forms/mature-student-form
NAIT,NAIT Apprenticeship Form,,,,,,,[],[],https://www.nait.ca/nait/schools-programs/forms/nait-apprenticeship-form
NAIT,"JR Shaw School of Business Info Session - June 27, 2023",,,,,,,[],[],https://www.nait.ca/nait/schools-programs/forms/nait-campus-tours-registration-june-23-2023-(1)
NAIT,NAIT Code Word Form,,,,,,,[],[],https://www.nait.ca/nait/schools-programs/forms/nait-code-word-form
NAIT,NAIT International Sign Up,,,,,,,[],[],https://www.nait.ca/nait/schools-programs/forms/nait-international-sign-up
NAIT,NAIT Jill of all Trades Registration,,,,,,,[],[],https://www.nait.ca/nait/schools-programs/forms/nait-jill-of-all-trades-registration
NAIT,NAIT Next In Trades Registration,,,,,,,[],[],https://www.nait.ca/nait/schools-programs/forms/nait-next-in-trades-registration
NAIT,NAIT Open House Contest,,,,,,,[],[],https://www.nait.ca/nait/schools-programs/forms/nait-open-house-contest
NAIT,Newcomers & International Student Form,,,,,,,[],[],https://www.nait.ca/nait/schools-programs/forms/newcomers-international-student-form
NAIT,Program Preview Registration - School of Health & Life Sciences,,,,,,,[],[],https://www.nait.ca/nait/schools-programs/forms/program-preview-registration-school-of-health-life
NAIT,Program Preview Registration - School of Skilled Trades,,,,,,,[],[],https://www.nait.ca/nait/schools-programs/forms/program-preview-registration-sst
NAIT,Skills Alberta Contact Form,,,,,,,[],[],https://www.nait.ca/nait/schools-programs/forms/skills-alberta-contact-form
NAIT,JR Shaw School of Business,,,,,,,[],[],https://www.nait.ca/nait/schools-programs/jr-shaw-school-of-business
NAIT,JR Shaw,,,,,,,[],[],https://www.nait.ca/nait/schools-programs/jr-shaw-school-of-business-old/jrssb-news-and-events/jr-shaw
NAIT,Student Case Competition Highlights 2017/18,,,,,,,[],[],https://www.nait.ca/nait/schools-programs/jr-shaw-school-of-business-old/jrssb-news-and-events/jrssb-student-case-competition-highlights-2017-18
NAIT,NAIT Work-Integrated Learning Project Chosen as One of 13 BHER-CEWIL Grant Initiative Recipients,,,,,,,[],[],https://www.nait.ca/nait/schools-programs/jr-shaw-school-of-business-old/jrssb-news-and-events/nait-work-integrated-learning-project-chosen-as-on
NAIT,Student Promotional Awards 2018,,,,,,,[],[],https://www.nait.ca/nait/schools-programs/jr-shaw-school-of-business-old/jrssb-news-and-events/student-promotional-awards-2018
NAIT,Student Promotional Awards 2019,,,,,,,[],[],https://www.nait.ca/nait/schools-programs/jr-shaw-school-of-business-old/jrssb-news-and-events/student-promotional-awards-2019
NAIT,Students receive industry recognition and job placement for project,,,,,,,[],[],https://www.nait.ca/nait/schools-programs/jr-shaw-school-of-business-old/jrssb-news-and-events/students-receive-industry-recognition-and-job-plac
NAIT,Culinary Arts and Professional Food Studies,,,,,,,[],[],https://www.nait.ca/nait/schools-programs/jr-shaw-school-of-business/department-of-culinary-arts-and-professional-food
NAIT,Artisanal Food Market,,,,,,,[],[],https://www.nait.ca/nait/schools-programs/jr-shaw-school-of-business/department-of-culinary-arts-and-professional-food/artisanal-food-market
NAIT,Chef in Residence,,,,,,,[],[],https://www.nait.ca/nait/schools-programs/jr-shaw-school-of-business/department-of-culinary-arts-and-professional-food/chef-in-residence
NAIT,Guest Chef in Residence 2024,,,,,,,[],[],https://www.nait.ca/nait/schools-programs/jr-shaw-school-of-business/department-of-culinary-arts-and-professional-food/chef-in-residence/guest-chefs-in-residence-2024
NAIT,Club Culinaire,,,,,,,[],[],https://www.nait.ca/nait/schools-programs/jr-shaw-school-of-business/department-of-culinary-arts-and-professional-food/club-culinaire
NAIT,Culinary Programs,,,,,,,[],[],https://www.nait.ca/nait/schools-programs/jr-shaw-school-of-business/department-of-culinary-arts-and-professional-food/culinary-programs
NAIT,NAIT Bakes,,,,,,,[],[],https://www.nait.ca/nait/schools-programs/jr-shaw-school-of-business/department-of-culinary-arts-and-professional-food/nait-bakes
NAIT,NAIT International Culinary Exchange,,,,,,,[],[],https://www.nait.ca/nait/schools-programs/jr-shaw-school-of-business/department-of-culinary-arts-and-professional-food/nait-international-culinary-exchange
NAIT,NAIT Olympic Culinary Team,,,,,,,[],[],https://www.nait.ca/nait/schools-programs/jr-shaw-school-of-business/department-of-culinary-arts-and-professional-food/nait-olympic-culinary-team
NAIT,Accomplishments,,,,,,,[],[],https://www.nait.ca/nait/schools-programs/jr-shaw-school-of-business/department-of-culinary-arts-and-professional-food/nait-olympic-culinary-team/accomplishments
NAIT,Bachelor of Business Administration (BBA) Co-operative Education,,,,,,,[],[],https://www.nait.ca/nait/schools-programs/jr-shaw-school-of-business/experiential-learning/bachelor-of-business-administration-co-op-educatio
NAIT,ICON Student Managed Investment Fund,,,,,,,[],[],https://www.nait.ca/nait/schools-programs/jr-shaw-school-of-business/experiential-learning/icon-student-managed-investment-fund
NAIT,Join the ICON team,,,,,,,[],[],https://www.nait.ca/nait/schools-programs/jr-shaw-school-of-business/experiential-learning/icon-student-managed-investment-fund/icon-club-contact-form
NAIT,NAIT’s JR Shaw School of Business launches Accountant-in-Residence program,,,,,,,[],[],https://www.nait.ca/nait/schools-programs/jr-shaw-school-of-business/experiential-learning/promos/nait-s-jr-shaw-school-of-business-launches-account
NAIT,Mawji Centre for New Venture and Student Entrepreneurship,,,,,,,[],[],https://www.nait.ca/nait/schools-programs/jr-shaw-school-of-business/mawji-centre
NAIT,About,,,,,,,[],[],https://www.nait.ca/nait/schools-programs/jr-shaw-school-of-business/mawji-centre/about
NAIT,Business Innovation Showcase,,,,,,,[],[],https://www.nait.ca/nait/schools-programs/jr-shaw-school-of-business/mawji-centre/events-programs/business-innovation-showcase
NAIT,Entrepreneurship Blue Book Program,,,,,,,[],[],https://www.nait.ca/nait/schools-programs/jr-shaw-school-of-business/mawji-centre/events-programs/entrepreneurial-blue-book-program
NAIT,Innovation Challenge,,,,,,,[],[],https://www.nait.ca/nait/schools-programs/jr-shaw-school-of-business/mawji-centre/events-programs/innovation-challenge
NAIT,Pitch it to Me,,,,,,,[],[],https://www.nait.ca/nait/schools-programs/jr-shaw-school-of-business/mawji-centre/events-programs/pitch-it-to-me
NAIT,Mentorship,,,,,,,[],[],https://www.nait.ca/nait/schools-programs/jr-shaw-school-of-business/mawji-centre/mentorship
NAIT,Student Success,,,,,,,[],[],https://www.nait.ca/nait/schools-programs/jr-shaw-school-of-business/mawji-centre/student-success
NAIT,Open House,,,,,,,[],[],https://www.nait.ca/nait/schools-programs/jr-shaw-school-of-business/news-stories-events/open-house
NAIT,Office of Apprenticeship,,,,,,,[],[],https://www.nait.ca/nait/schools-programs/office-of-apprenticeship
NAIT,Apprenticeship Pathways,,,,,,,[],[],https://www.nait.ca/nait/schools-programs/office-of-apprenticeship/apprenticeship-pathways
NAIT,Search for Programs,,,,,,,[],[],https://www.nait.ca/nait/schools-programs/office-of-apprenticeship/apprenticeship-programs
NAIT,Industry Engagement,,,,,,,[],[],https://www.nait.ca/nait/schools-programs/office-of-apprenticeship/industry-engagement
NAIT,Sponsoring & Hiring Apprentices,,,,,,,[],[],https://www.nait.ca/nait/schools-programs/office-of-apprenticeship/industry-engagement/sponsoring-hiring-apprentices
NAIT,Jill of All Trades,,,,,,,[],[],https://www.nait.ca/nait/schools-programs/office-of-apprenticeship/jill-of-all-trades
NAIT,Next in Trades,,,,,,,[],[],https://www.nait.ca/nait/schools-programs/office-of-apprenticeship/next-in-trades
NAIT,Women Leading and Building Canada’s Future,,,,,,,[],[],https://www.nait.ca/nait/schools-programs/office-of-apprenticeship/women-leading-and-building-canada-s-future
NAIT,Materials Testing Labs,,,,,,,[],[],https://www.nait.ca/nait/schools-programs/school-of-applied-sciences-and-technology/beyond-the-classroom/locations/materials-testing-labs
NAIT,"Solar panels shine despite winter's blast, NAIT study finds",,,,,,,[],[],https://www.nait.ca/nait/schools-programs/school-of-applied-sciences-and-technology/beyond-the-classroom/news/solar-panels-shine-despite-winters-blast-nait-st
NAIT,Alumni profile: Jesse Tutt,,,,,,,[],[],https://www.nait.ca/nait/schools-programs/school-of-applied-sciences-and-technology/beyond-the-classroom/students/alumni-profile-jesse-tutt
NAIT,Alumni profile: Clifton Lofthaug,,,,,,,[],[],https://www.nait.ca/nait/schools-programs/school-of-applied-sciences-and-technology/beyond-the-classroom/students/alumnus-profile-clifton-lofthaug
NAIT,Alumni profile: Nicole Dunlop,,,,,,,[],[],https://www.nait.ca/nait/schools-programs/school-of-applied-sciences-and-technology/beyond-the-classroom/students/alumnus-profile-nicole-dunlop
NAIT,Engineering Students to Craft Rope Suspension Bridges across Whitemud Creek,,,,,,,[],[],https://www.nait.ca/nait/schools-programs/school-of-applied-sciences-and-technology/beyond-the-classroom/students/engineering-students-to-craft-rope-suspension-brid
NAIT,Animation (Area of Emphasis),,,,,,,[],[],https://www.nait.ca/nait/schools-programs/school-of-applied-sciences-and-technology/walkthroughs/dmit-areas-of-emphasis/animation
NAIT,Computer Software Development (Area of Emphasis),,,,,,,[],[],https://www.nait.ca/nait/schools-programs/school-of-applied-sciences-and-technology/walkthroughs/dmit-areas-of-emphasis/computer-software-development
NAIT,Digital Cinema (Area of Emphasis),,,,,,,[],[],https://www.nait.ca/nait/schools-programs/school-of-applied-sciences-and-technology/walkthroughs/dmit-areas-of-emphasis/digital-cinema
NAIT,Game Design (Area of Emphasis),,,,,,,[],[],https://www.nait.ca/nait/schools-programs/school-of-applied-sciences-and-technology/walkthroughs/dmit-areas-of-emphasis/game-design
NAIT,Game Programming (Area of Emphasis),,,,,,,[],[],https://www.nait.ca/nait/schools-programs/school-of-applied-sciences-and-technology/walkthroughs/dmit-areas-of-emphasis/game-programming
NAIT,IT Business Analysis (Area of Emphasis),,,,,,,[],[],https://www.nait.ca/nait/schools-programs/school-of-applied-sciences-and-technology/walkthroughs/dmit-areas-of-emphasis/it-business-analysis
NAIT,IT System Administration (Area of Emphasis),,,,,,,[],[],https://www.nait.ca/nait/schools-programs/school-of-applied-sciences-and-technology/walkthroughs/dmit-areas-of-emphasis/it-system-administration
NAIT,Visual Communications (Area of Emphasis),,,,,,,[],[],https://www.nait.ca/nait/schools-programs/school-of-applied-sciences-and-technology/walkthroughs/dmit-areas-of-emphasis/visual-communications
NAIT,Web Design and Development (Area of Emphasis),,,,,,,[],[],https://www.nait.ca/nait/schools-programs/school-of-applied-sciences-and-technology/walkthroughs/dmit-areas-of-emphasis/web-design-and-development
NAIT,Industry Engagement,,,,,,,[],[],https://www.nait.ca/nait/schools-programs/school-of-construction-and-building-sciences/industry-engagement
NAIT,Next in Trades,,,,,,,[],[],https://www.nait.ca/nait/schools-programs/school-of-construction-and-building-sciences/news-stories-events/next-in-trades
NAIT,Programs,,,,,,,[],[],https://www.nait.ca/nait/schools-programs/school-of-construction-and-building-sciences/programs
NAIT,Industry Engagement,,,,,,,[],[],https://www.nait.ca/nait/schools-programs/school-of-energy-and-natural-resources/industry-engagement
NAIT,Open House,,,,,,,[],[],https://www.nait.ca/nait/schools-programs/school-of-energy-and-natural-resources/news-stories-events/open-house
NAIT,Programs,,,,,,,[],[],https://www.nait.ca/nait/schools-programs/school-of-energy-and-natural-resources/programs
NAIT,Dental and Denture Clinic,,,,,,,[],[],https://www.nait.ca/nait/schools-programs/school-of-health-and-life-sciences/dental-and-denture-clinic
NAIT,Industry Engagement,,,,,,,[],[],https://www.nait.ca/nait/schools-programs/school-of-health-and-life-sciences/industry-engagement
NAIT,Driving Net Zero,,,,,,,[],[],https://www.nait.ca/nait/schools-programs/school-of-health-and-life-sciences/industry-engagement/news-and-events/driving-net-zero
NAIT,Mawji Centre for New Venture and Student Entrepreneurship,,,,,,,[],[],https://www.nait.ca/nait/schools-programs/school-of-health-and-life-sciences/industry-engagement/news-and-events/entrepreneurship
NAIT,NAIT Hiring Fair,,,,,,,[],[],https://www.nait.ca/nait/schools-programs/school-of-health-and-life-sciences/industry-engagement/news-and-events/nait-hiring-career-fair
NAIT,Interprofessional Education,,,,,,,[],[],https://www.nait.ca/nait/schools-programs/school-of-health-and-life-sciences/interprofessional-education
NAIT,Patient partners,,,,,,,[],[],https://www.nait.ca/nait/schools-programs/school-of-health-and-life-sciences/interprofessional-education/patient-partners
NAIT,Open House,,,,,,,[],[],https://www.nait.ca/nait/schools-programs/school-of-health-and-life-sciences/news-stories-events/open-house-(1)
NAIT,Open Studies Pathway (School of Health and Life Sciences),,,,,,,[],[],https://www.nait.ca/nait/schools-programs/school-of-health-and-life-sciences/open-studies-pathway
NAIT,Programs,,,,,,,[],[],https://www.nait.ca/nait/schools-programs/school-of-health-and-life-sciences/programs
NAIT,Industry Engagement,,,,,,,[],[],https://www.nait.ca/nait/schools-programs/school-of-manufacturing-automation/industry-engagement
NAIT,Next in Trades,,,,,,,[],[],https://www.nait.ca/nait/schools-programs/school-of-manufacturing-automation/news-stories-events/next-in-trades
NAIT,Programs,,,,,,,[],[],https://www.nait.ca/nait/schools-programs/school-of-manufacturing-automation/programs
NAIT,Industry Engagement,,,,,,,[],[],https://www.nait.ca/nait/schools-programs/school-of-media-and-information-technology/industry-engagement
NAIT,Open House,,,,,,,[],[],https://www.nait.ca/nait/schools-programs/school-of-media-and-information-technology/news-stories-events/open-house
NAIT,Programs,,,,,,,[],[],https://www.nait.ca/nait/schools-programs/school-of-media-and-information-technology/programs
NAIT,Questions,,,,,,,[],[],https://www.nait.ca/nait/schools-programs/school-of-skilled-trades/applying-for-apprenticeship-programs/questions-about-the-application-process
NAIT,1. Application,,,,,,,[],[],https://www.nait.ca/nait/schools-programs/school-of-skilled-trades/applying-for-apprenticeship-programs/step-1-complete-an-apprenticeship-application-c
NAIT,2. Schedule,,,,,,,[],[],https://www.nait.ca/nait/schools-programs/school-of-skilled-trades/applying-for-apprenticeship-programs/step-2-find-training-start-and-end-dates
NAIT,3. Register,,,,,,,[],[],https://www.nait.ca/nait/schools-programs/school-of-skilled-trades/applying-for-apprenticeship-programs/step-3-register-for-training
NAIT,4. Create Account,,,,,,,[],[],https://www.nait.ca/nait/schools-programs/school-of-skilled-trades/applying-for-apprenticeship-programs/step-4-create-a-mynait-portal-account
NAIT,5. Confirmation,,,,,,,[],[],https://www.nait.ca/nait/schools-programs/school-of-skilled-trades/applying-for-apprenticeship-programs/step-5-wait-for-registration-confirmation
NAIT,6. Get Set Up,,,,,,,[],[],https://www.nait.ca/nait/schools-programs/school-of-skilled-trades/applying-for-apprenticeship-programs/step-6-get-set-up-on-campus
NAIT,Skilled Trades Diploma and Certificate Programs,,,,,,,[],[],https://www.nait.ca/nait/schools-programs/school-of-skilled-trades/programs/trades-diplomas-certificates
NAIT,School of Transportation,,,,,,,[],[],https://www.nait.ca/nait/schools-programs/school-of-transportation
NAIT,Industry Engagement,,,,,,,[],[],https://www.nait.ca/nait/schools-programs/school-of-transportation/industry-engagement
NAIT,Programs,,,,,,,[],[],https://www.nait.ca/nait/schools-programs/school-of-transportation/programs
NAIT,Work Integrated Learning,,,,,,,[],[],https://www.nait.ca/nait/schools-programs/work-integrated-learning
NAIT,IGNITE Program,,,,,,,[],[],https://www.nait.ca/nait/student-life/clubs-groups-community/nisohkamatotan-centre/the-prospective-aboriginal-youth-program
NAIT,Outreach and Well-being Leaders (OWLs) Program,,,,,,,[],[],https://www.nait.ca/nait/student-life/clubs-groups-community/outreach-and-well-being-leaders-program
NAIT,Outreach and Well-being Leaders Engagement Team (OWLET),,,,,,,[],[],https://www.nait.ca/nait/student-life/clubs-groups-community/outreach-and-well-being-leaders-program/outreach-and-well-being-leaders-engagement-team
NAIT,Mentorship at NAIT,,,,,,,[],[],https://www.nait.ca/nait/student-life/clubs-groups-community/peer-mentorship-program
NAIT,Career Mentorship,,,,,,,[],[],https://www.nait.ca/nait/student-life/clubs-groups-community/peer-mentorship-program/career-mentorship
NAIT,International Peer Group,,,,,,,[],[],https://www.nait.ca/nait/student-life/clubs-groups-community/peer-mentorship-program/international-peer-mentors
NAIT,Peer Mentorship,,,,,,,[],[],https://www.nait.ca/nait/student-life/clubs-groups-community/peer-mentorship-program/peer-mentorship
NAIT,Ceremony Schedule by Program,,,,,,,[],[],https://www.nait.ca/nait/student-life/graduation-convocation/about-the-convocation-ceremony/ceremony-schedule-by-program
NAIT,Fitness & Recreation Programs,,,,,,,[],[],https://www.nait.ca/nait/student-life/health-well-being/fitness-programs
NAIT,Hazard Assessment Program,,,,,,,[],[],https://www.nait.ca/nait/student-life/on-campus/health-services/hazard-assessment-program
NAIT,Become a Certified Digital Marketing Professional,,,,,,,[],[],https://www.nait.ca/online-digital-marketing-program
NAIT,Paramedicine Training at NAIT,,,,,,,[],[],https://www.nait.ca/paramedic-programs
NAIT,Search for Programs,,,,,,,[],[],https://www.nait.ca/programs
NAIT,Explore your options,,,,,,,[],[],https://www.nait.ca/schools-programs/explore
NAIT,School of Construction and Building Sciences,,,,,,,[],[],https://www.nait.ca/schools-programs/school-of-construction-and-building-sciences
NAIT,School of Energy and Natural Resources,,,,,,,[],[],https://www.nait.ca/schools-programs/school-of-energy-and-natural-resources
NAIT,School of Health and Life Sciences,,,,,,,[],[],https://www.nait.ca/schools-programs/school-of-health-and-life-sciences
NAIT,School of Manufacturing and Automation,,,,,,,[],[],https://www.nait.ca/schools-programs/school-of-manufacturing-and-automation
NAIT,School of Media and Information Technology,,,,,,,[],[],https://www.nait.ca/schools-programs/school-of-media-and-information-technology
NAIT,Business Degree and Diploma Programs,,,,,,,[],[],https://www.nait.ca/schools/jrssb/programs
NorQuest,Continuing Education programs and courses,,,,,,,[],[],http://www.norquest.ca/continuing-education/continuing-education-programs-and-courses/
NorQuest,Foundational programs,,,,,,,[],[],http://www.norquest.ca/foundational-programs/
NorQuest,Browse programs and courses,,,,,,,[],[],http://www.norquest.ca/international-student/browse-programs-and-courses/
NorQuest,Emerging Leaders Program,Certificate of Recognition,,,,,,[],[],http://www.norquest.ca/international-student/international-student-services/get-involved/emerging-leaders-program/
NorQuest,NorQuest International Volunteer Program,,,,,,,[],[],http://www.norquest.ca/international-student/international-student-services/get-involved/norquest-international-volunteer-program/
NorQuest,Content Creation Volunteer,,,,,,,[],[],http://www.norquest.ca/international-student/international-student-services/get-involved/norquest-international-volunteer-program/content-creation-volunteer/
NorQuest,Marketing & Promotions Volunteer,,,,,,,[],[],http://www.norquest.ca/international-student/international-student-services/get-involved/norquest-international-volunteer-program/marketing-promotions-volunteer/
NorQuest,International Peer Mentorship Program,,,,,,,[],[],http://www.norquest.ca/international-student/international-student-services/get-involved/peer-mentorship-program/
NorQuest,Program Availability,,,,,,,[],[],http://www.norquest.ca/program-availability/
NorQuest,Programs and courses,,,,,,,[],[],http://www.norquest.ca/programs-courses/
NorQuest,Browse programs and courses,,,,,,,[],[],http://www.norquest.ca/programs-courses/browse-programs-and-courses/
NorQuest,Continuing Education,,,,,,,[],[],http://www.norquest.ca/programs-courses/continuing-education/
NorQuest,Dual credit programs,,,,,,,[],[],http://www.norquest.ca/programs-courses/dual-credit-programs/
NorQuest,Dual Credit partnering,,,,,,,[],[],http://www.norquest.ca/programs-courses/dual-credit-programs/dual-credit-partnering/
NorQuest,Dual Credit students,,,,,,,[],[],http://www.norquest.ca/programs-courses/dual-credit-programs/dual-credit-students/
NorQuest,Family Caregiver Wellness Workshops,,,,,,,[],[],http://www.norquest.ca/programs-courses/family-caregiver-wellness-workshops/
NorQuest,Applied Research for Innovation Badge Selector,,,,,,,[],[],http://www.norquest.ca/programs-courses/introduction-to-applied-research-for-innovation/applied-research-for-innovation-badge-selector/
NorQuest,Learning at NorQuest,,,,,,,[],[],http://www.norquest.ca/programs-courses/learning-at-norquest/
NorQuest,Sua nova carreira começa aqui — no NorQuest College,,,,,,,[],[],http://www.norquest.ca/programs-courses/learning-at-norquest/brasil/
NorQuest,Obrigado,,,,,,,[],[],http://www.norquest.ca/programs-courses/learning-at-norquest/brasil/obrigado/
NorQuest,Bring your own device,,,,,,,[],[],http://www.norquest.ca/programs-courses/learning-at-norquest/bring-your-own-device/
NorQuest,Business Administration to Bachelor of Commerce,,,,,,,[],[],http://www.norquest.ca/programs-courses/learning-at-norquest/business-administration-to-bachelor-of-commerce/
NorQuest,Definitions,,,,,,,[],[],http://www.norquest.ca/programs-courses/learning-at-norquest/definitions/
NorQuest,Digital badges from NorQuest College.,,,,,,,[],[],http://www.norquest.ca/programs-courses/learning-at-norquest/definitions/digital-badges/
NorQuest,Discover your perfect career path,,,,,,,[],[],http://www.norquest.ca/programs-courses/learning-at-norquest/discover-your-perfect-career-path/
NorQuest,Explore NorQuest College,,,,,,,[],[],http://www.norquest.ca/programs-courses/learning-at-norquest/explore-norquest-college/
NorQuest,Foundational Learning Hub,,,,,,,[],[],http://www.norquest.ca/programs-courses/learning-at-norquest/foundational-learning-hub/
NorQuest,Health programs for rural students,,,,,,,[],[],http://www.norquest.ca/programs-courses/learning-at-norquest/health-programs-for-rural-students/
NorQuest,Online delivery information,,,,,,,[],[],http://www.norquest.ca/programs-courses/learning-at-norquest/online-delivery-information/
NorQuest,Open Admissions Pathways,,,,,,,[],[],http://www.norquest.ca/programs-courses/learning-at-norquest/open-admissions-pathways/
NorQuest,Ready to score a new career?,,,,,,,[],[],http://www.norquest.ca/programs-courses/learning-at-norquest/ready-to-score-a-new-career/
NorQuest,Start a business career,,,,,,,[],[],http://www.norquest.ca/programs-courses/learning-at-norquest/start-a-business-career/
NorQuest,Take your healthcare career in a new direction,,,,,,,[],[],http://www.norquest.ca/programs-courses/learning-at-norquest/take-your-healthcare-career-in-a-new-direction/
NorQuest,Your new career starts at NorQuest College,,,,,,,[],[],http://www.norquest.ca/programs-courses/learning-at-norquest/your-new-career-starts-at-norquest-college/
NorQuest,Microcredentials,,,,,,,[],[],http://www.norquest.ca/programs-courses/microcredentials/
NorQuest,Frequently asked questions,,,,,,,[],[],http://www.norquest.ca/programs-courses/microcredentials/frequently-asked-questions/
NorQuest,Request information,,,,,,,[],[],http://www.norquest.ca/programs-courses/microcredentials/request-information/
NorQuest,Open Studies,,,,,,,[],[],http://www.norquest.ca/programs-courses/open-studies/
NorQuest,Foster the next generation of data analysts,,,,,,,[],[],http://www.norquest.ca/programs-courses/upskilling-for-data-analytics-and-business-intelligence/foster-the-next-generation-of-data-analysts/
NorQuest,Academic Program Advisors,,,,,,,[],[],http://www.norquest.ca/student-resources/academic-program-advisors/
NorQuest,Our program,,,,,,,[],[],http://www.norquest.ca/student-services/child-care-centre/our-program/
NorQuest,RBC Indigenous Mentorship Program,,,,,,,[],[],http://www.norquest.ca/student-services/indigenous-student-services/rbc-indigenous-mentorship-program/
NorQuest,Page not found,,,,,,,[],[],http://www.norquest.ca/x/workstyles-program-policy/
UAlberta,Composition (Major),Bachelor of Music,,,,,,[],[],https://calendar.ualberta.ca/content.php?catoid=56&navoid=17354&print
UAlberta,About,,,,,,,[],[],https://calendar.ualberta.ca/content.php?catoid=56&navoid=17516
UAlberta,Course,,,,,,,[],[],https://calendar.ualberta.ca/content.php?catoid=56&navoid=17518
UAlberta,University,,,,,,,[],[],https://calendar.ualberta.ca/content.php?catoid=56&navoid=17520
UAlberta,Undergraduate,,,,,,,[],[],https://calendar.ualberta.ca/content.php?catoid=56&navoid=17521
UAlberta,Colleges,,,,,,,[],[],https://calendar.ualberta.ca/content.php?catoid=56&navoid=17522
UAlberta,Inquiries,,,,,,,[],[],https://calendar.ualberta.ca/content.php?catoid=56&navoid=17523
UAlberta,Academic,,,,,,,[],[],https://calendar.ualberta.ca/content.php?catoid=56&navoid=17524
UAlberta,Undergraduate,,,,,,,[],[],https://calendar.ualberta.ca/content.php?catoid=56&navoid=17526
UAlberta,Graduate,,,,,,,[],[],https://calendar.ualberta.ca/content.php?catoid=56&navoid=17527
UAlberta,About,,,,,,,[],[],https://calendar.ualberta.ca/content.php?catoid=56&navoid=17532
UAlberta,Graduate Programs (General),,,,,,,[],[],https://calendar.ualberta.ca/content.php?catoid=56&navoid=17533
UAlberta,Graduate,,,,,,,[],[],https://calendar.ualberta.ca/content.php?catoid=56&navoid=17535
UAlberta,University,,,,,,,[],[],https://calendar.ualberta.ca/index.php?catoid=56
UAlberta,Calendar,,,,,,,[],[],https://calendar.ualberta.ca/misc/catalog_list.php?catoid=56
UAlberta,Calendar,,,,,,,[],[],https://calendar.ualberta.ca/search_advanced.php?catoid=56
UAlberta,ERROR: The request could not be satisfied,,,,,,,[],[],https://www.ualberta.ca/en/admissions-programs/embedded-undergraduate-certificates/index.html
UAlberta,ERROR: The request could not be satisfied,,,,,,,[],[],https://www.ualberta.ca/en/admissions-programs/inclusive-education/index.html
UAlberta,ERROR: The request could not be satisfied,,,,,,,[],[],https://www.ualberta.ca/en/admissions-programs/index.html
UAlberta,ERROR: The request could not be satisfied,,,,,,,[],[],https://www.ualberta.ca/en/admissions-programs/online-courses/index.html
UAlberta,ERROR: The request could not be satisfied,,,,,,,[],[],https://www.ualberta.ca/en/admissions-programs/online-learning.html
UAlberta,ERROR: The request could not be satisfied,,,,,,,[],[],https://www.ualberta.ca/en/education/programs/english-language-school/index.html
UAlberta,ERROR: The request could not be satisfied,,,,,,,[],[],https://www.ualberta.ca/en/graduate-programs/index.html
UAlberta,ERROR: The request could not be satisfied,,,,,,,[],[],https://www.ualberta.ca/en/graduate-studies/admissions-programs/apply/index.html
