program_name,program_href,program_url_seed,requirements_url,seed_source
Accounting,/academics/academic-departments/accounting-finance/academics/accounting-honours/,https://www.macewan.ca/academics/academic-departments/accounting-finance/academics/accounting-honours/,,macewan-link-list-element
Accounting,/academics/academic-departments/accounting-finance/academics/accounting-major/,https://www.macewan.ca/academics/academic-departments/accounting-finance/academics/accounting-major/,,macewan-link-list-element
Accounting and Strategic Measurement,/academics/programs/accounting-and-strategic-measurement/,https://www.macewan.ca/academics/programs/accounting-and-strategic-measurement/,https://www.macewan.ca/academics/programs/accounting-and-strategic-measurement/admissions/requirements/index.html,macewan-link-list-element
Accounting Technology,/academics/programs/accounting-and-strategic-measurement/academics/certificate-exit/,https://www.macewan.ca/academics/programs/accounting-and-strategic-measurement/academics/certificate-exit/,https://www.macewan.ca/academics/programs/accounting-and-strategic-measurement/admissions/requirements/index.html,macewan-link-list-element
Acupuncture,/academics/programs/acupuncture/,https://www.macewan.ca/academics/programs/acupuncture/,https://www.macewan.ca/academics/programs/acupuncture/admissions/requirements/index.html,macewan-link-list-element
Alberta Foundation Program,/academics/programs/alberta-foundation-program/,https://www.macewan.ca/academics/programs/alberta-foundation-program/,,macewan-link-list-element
Anthropology,/academics/academic-departments/anthropology-economics-political-science/academics/anthropology-honours/,https://www.macewan.ca/academics/academic-departments/anthropology-economics-political-science/academics/anthropology-honours/,,macewan-link-list-element
Anthropology,/academics/academic-departments/anthropology-economics-political-science/academics/anthropology-major/,https://www.macewan.ca/academics/academic-departments/anthropology-economics-political-science/academics/anthropology-major/,,macewan-link-list-element
Applied Statistics,/academics/academic-departments/mathematics-statistics/academics/applied-statistics-honours/,https://www.macewan.ca/academics/academic-departments/mathematics-statistics/academics/applied-statistics-honours/,,macewan-link-list-element
Applied Statistics,/academics/academic-departments/mathematics-statistics/academics/applied-statistics-major/,https://www.macewan.ca/academics/academic-departments/mathematics-statistics/academics/applied-statistics-major/,,macewan-link-list-element
Arts and Cultural Management,/academics/programs/bachelor-of-fine-arts/academics/diploma-exit/,https://www.macewan.ca/academics/programs/bachelor-of-fine-arts/academics/diploma-exit/,https://www.macewan.ca/academics/programs/bachelor-of-fine-arts/admissions/requirements/index.html,macewan-link-list-element
Aviation Management,/academics/programs/business-management/academics/aviation-management/,https://www.macewan.ca/academics/programs/business-management/academics/aviation-management/,https://www.macewan.ca/academics/programs/business-management/admissions/requirements/index.html,macewan-link-list-element
Bachelor of Applied Human Service Administration,/academics/programs/bachelor-of-applied-human-service-administration/,https://www.macewan.ca/academics/programs/bachelor-of-applied-human-service-administration/,https://www.macewan.ca/academics/programs/bachelor-of-applied-human-service-administration/admissions/requirements/index.html,macewan-link-list-element
Bachelor of Arts,/academics/programs/bachelor-of-arts/,https://www.macewan.ca/academics/programs/bachelor-of-arts/,https://www.macewan.ca/academics/programs/bachelor-of-arts/admissions/requirements/index.html,macewan-link-list-element
Bachelor of Child and Youth Care,/academics/programs/bachelor-of-child-and-youth-care/,https://www.macewan.ca/academics/programs/bachelor-of-child-and-youth-care/,https://www.macewan.ca/academics/programs/bachelor-of-child-and-youth-care/admissions/requirements/index.html,macewan-link-list-element
Bachelor of Commerce,/academics/programs/bachelor-of-commerce/,https://www.macewan.ca/academics/programs/bachelor-of-commerce/,https://www.macewan.ca/academics/programs/bachelor-of-commerce/admissions/requirements/index.html,macewan-link-list-element
Bachelor of Communication Studies,/academics/programs/bachelor-of-communication-studies/,https://www.macewan.ca/academics/programs/bachelor-of-communication-studies/,https://www.macewan.ca/academics/programs/bachelor-of-communication-studies/admissions/requirements/index.html,macewan-link-list-element
Bachelor of Design,/academics/programs/bachelor-of-design/,https://www.macewan.ca/academics/programs/bachelor-of-design/,https://www.macewan.ca/academics/programs/bachelor-of-design/admissions/requirements/index.html,macewan-link-list-element
Bachelor of Early Childhood Curriculum Studies,/academics/programs/bachelor-of-early-childhood-curriculum-studies/,https://www.macewan.ca/academics/programs/bachelor-of-early-childhood-curriculum-studies/,https://www.macewan.ca/academics/programs/bachelor-of-early-childhood-curriculum-studies/admissions/requirements/index.html,macewan-link-list-element
Bachelor of Fine Arts,/academics/programs/bachelor-of-fine-arts/,https://www.macewan.ca/academics/programs/bachelor-of-fine-arts/,https://www.macewan.ca/academics/programs/bachelor-of-fine-arts/admissions/requirements/index.html,macewan-link-list-element
Bachelor of Music,/academics/programs/bachelor-of-music/,https://www.macewan.ca/academics/programs/bachelor-of-music/,https://www.macewan.ca/academics/programs/bachelor-of-music/admissions/requirements/index.html,macewan-link-list-element
Bachelor of Physical Education Transfer,/academics/programs/bachelor-of-physical-education-transfer/,https://www.macewan.ca/academics/programs/bachelor-of-physical-education-transfer/,https://www.macewan.ca/academics/programs/bachelor-of-physical-education-transfer/admissions/requirements/index.html,macewan-link-list-element
Bachelor of Psychiatric Nursing,/academics/programs/bachelor-of-psychiatric-nursing/,https://www.macewan.ca/academics/programs/bachelor-of-psychiatric-nursing/,https://www.macewan.ca/academics/programs/bachelor-of-psychiatric-nursing/admissions/requirements/index.html,macewan-link-list-element
Bachelor of Public Safety and Justice,/academics/programs/bachelor-of-public-safety-and-justice/,https://www.macewan.ca/academics/programs/bachelor-of-public-safety-and-justice/,https://www.macewan.ca/academics/programs/bachelor-of-public-safety-and-justice/admissions/requirements/index.html,macewan-link-list-element
Bachelor of Science,/academics/programs/bachelor-of-science/,https://www.macewan.ca/academics/programs/bachelor-of-science/,https://www.macewan.ca/academics/programs/bachelor-of-science/admissions/requirements/index.html,macewan-link-list-element
Bachelor of Science in Nursing,/academics/programs/bachelor-of-science-in-nursing/,https://www.macewan.ca/academics/programs/bachelor-of-science-in-nursing/,https://www.macewan.ca/academics/programs/bachelor-of-science-in-nursing/admissions/requirements/index.html,macewan-link-list-element
Bachelor of Social Work,/academics/programs/bachelor-of-social-work/,https://www.macewan.ca/academics/programs/bachelor-of-social-work/,https://www.macewan.ca/academics/programs/bachelor-of-social-work/admissions/requirements/index.html,macewan-link-list-element
Behaviour Analysis,/academics/programs/behaviour-analysis/,https://www.macewan.ca/academics/programs/behaviour-analysis/,https://www.macewan.ca/academics/programs/behaviour-analysis/admissions/requirements/index.html,macewan-link-list-element
Biological Sciences,/academics/academic-departments/biological-sciences/academics/biological-sciences-honours/,https://www.macewan.ca/academics/academic-departments/biological-sciences/academics/biological-sciences-honours/,,macewan-link-list-element
Biological Sciences,/academics/academic-departments/biological-sciences/academics/biological-sciences-major/,https://www.macewan.ca/academics/academic-departments/biological-sciences/academics/biological-sciences-major/,,macewan-link-list-element
Bridge to Canadian Nursing,/academics/programs/bridge-to-canadian-nursing/,https://www.macewan.ca/academics/programs/bridge-to-canadian-nursing/,,macewan-link-list-element
Business Management,/academics/programs/business-management/academics/certificate-exit/,https://www.macewan.ca/academics/programs/business-management/academics/certificate-exit/,https://www.macewan.ca/academics/programs/business-management/admissions/requirements/index.html,macewan-link-list-element
Chemistry,/academics/academic-departments/physical-sciences/academics/chemistry-major/,https://www.macewan.ca/academics/academic-departments/physical-sciences/academics/chemistry-major/,,macewan-link-list-element
Child and Youth Care,/academics/programs/bachelor-of-child-and-youth-care/academics/diploma-exit/,https://www.macewan.ca/academics/programs/bachelor-of-child-and-youth-care/academics/diploma-exit/,https://www.macewan.ca/academics/programs/bachelor-of-child-and-youth-care/admissions/requirements/index.html,macewan-link-list-element
Community Justice and Corrections,/academics/programs/community-justice-and-corrections/,https://www.macewan.ca/academics/programs/community-justice-and-corrections/,https://www.macewan.ca/academics/programs/community-justice-and-corrections/admissions/requirements/index.html,macewan-link-list-element
Composition,/academics/programs/bachelor-of-music/academics/music-compositition-major/,https://www.macewan.ca/academics/programs/bachelor-of-music/academics/music-compositition-major/,https://www.macewan.ca/academics/programs/bachelor-of-music/admissions/requirements/index.html,macewan-link-list-element
Computer Science,/academics/academic-departments/computer-science/academics/computer-science-major/,https://www.macewan.ca/academics/academic-departments/computer-science/academics/computer-science-major/,,macewan-link-list-element
Data Science,/academics/academic-departments/mathematics-statistics/academics/data-science-major/,https://www.macewan.ca/academics/academic-departments/mathematics-statistics/academics/data-science-major/,,macewan-link-list-element
Digital Experience Design,/academics/programs/digital-experience-design/,https://www.macewan.ca/academics/programs/digital-experience-design/,https://www.macewan.ca/academics/programs/digital-experience-design/admissions/requirements/index.html,macewan-link-list-element
Digital Experience Design,/academics/programs/bachelor-of-design/academics/digital-experience-design-pathway-major/,https://www.macewan.ca/academics/programs/bachelor-of-design/academics/digital-experience-design-pathway-major/,https://www.macewan.ca/academics/programs/bachelor-of-design/admissions/requirements/index.html,macewan-link-list-element
Early Learning and Child Care,/academics/programs/bachelor-of-early-childhood-curriculum-studies/academics/diploma-exit/,https://www.macewan.ca/academics/programs/bachelor-of-early-childhood-curriculum-studies/academics/diploma-exit/,https://www.macewan.ca/academics/programs/bachelor-of-early-childhood-curriculum-studies/admissions/requirements/index.html,macewan-link-list-element
Economics,/academics/academic-departments/anthropology-economics-political-science/academics/economics-honours/,https://www.macewan.ca/academics/academic-departments/anthropology-economics-political-science/academics/economics-honours/,,macewan-link-list-element
Economics,/academics/academic-departments/anthropology-economics-political-science/academics/economics-major/,https://www.macewan.ca/academics/academic-departments/anthropology-economics-political-science/academics/economics-major/,,macewan-link-list-element
Educational Assistant,/academics/programs/educational-assistant/,https://www.macewan.ca/academics/programs/educational-assistant/,https://www.macewan.ca/academics/programs/educational-assistant/admissions/requirements/index.html,macewan-link-list-element
Emergency Communications and Response,/academics/programs/emergency-communications-response/,https://www.macewan.ca/academics/programs/emergency-communications-response/,https://www.macewan.ca/academics/programs/emergency-communications-response/admissions/requirements/index.html,macewan-link-list-element
English,/academics/academic-departments/english/academics/english-honours/,https://www.macewan.ca/academics/academic-departments/english/academics/english-honours/,,macewan-link-list-element
English,/academics/academic-departments/english/academics/english-major/,https://www.macewan.ca/academics/academic-departments/english/academics/english-major/,,macewan-link-list-element
English as an Additional Language (EAL),/academics/programs/english-as-an-additional-language/,https://www.macewan.ca/academics/programs/english-as-an-additional-language/,,macewan-link-list-element
Environmental Sciences,/academics/academic-departments/physical-sciences/academics/environmental-sciences-major/,https://www.macewan.ca/academics/academic-departments/physical-sciences/academics/environmental-sciences-major/,,macewan-link-list-element
Foundation Program International,/academics/programs/foundation-program-international/,https://www.macewan.ca/academics/programs/foundation-program-international/,,macewan-link-list-element
Foundation Program pimâcihisowin,/academics/programs/foundation-program-pimacihisowin/,https://www.macewan.ca/academics/programs/foundation-program-pimacihisowin/,,macewan-link-list-element
General,/academics/programs/bachelor-of-music/academics/music-general-major/,https://www.macewan.ca/academics/programs/bachelor-of-music/academics/music-general-major/,https://www.macewan.ca/academics/programs/bachelor-of-music/admissions/requirements/index.html,macewan-link-list-element
Gerontology,/academics/programs/gerontology/,https://www.macewan.ca/academics/programs/gerontology/,https://www.macewan.ca/academics/programs/gerontology/admissions/requirements/index.html,macewan-link-list-element
Graphic Design,/academics/programs/bachelor-of-design/academics/diploma-exit/,https://www.macewan.ca/academics/programs/bachelor-of-design/academics/diploma-exit/,https://www.macewan.ca/academics/programs/bachelor-of-design/admissions/requirements/index.html,macewan-link-list-element
Hearing Aid Practitioner,/academics/programs/hearing-aid-practitioner/,https://www.macewan.ca/academics/programs/hearing-aid-practitioner/,https://www.macewan.ca/academics/programs/hearing-aid-practitioner/admissions/requirements/index.html,macewan-link-list-element
History,/academics/academic-departments/humanities/academics/history-major/,https://www.macewan.ca/academics/academic-departments/humanities/academics/history-major/,,macewan-link-list-element
Hospice Palliative Care,/academics/programs/hospice-palliative-care/,https://www.macewan.ca/academics/programs/hospice-palliative-care/,https://www.macewan.ca/academics/programs/hospice-palliative-care/admissions/requirements/index.html,macewan-link-list-element
Human Resources Management,/academics/programs/human-resources-management/academics/certificate-exit/,https://www.macewan.ca/academics/programs/human-resources-management/academics/certificate-exit/,https://www.macewan.ca/academics/programs/human-resources-management/admissions/requirements/index.html,macewan-link-list-element
Human Resources Management,/academics/academic-departments/management-organizations/academics/hrmt-honours/,https://www.macewan.ca/academics/academic-departments/management-organizations/academics/hrmt-honours/,,macewan-link-list-element
Human Resources Management,/academics/academic-departments/management-organizations/academics/hrmt-major/,https://www.macewan.ca/academics/academic-departments/management-organizations/academics/hrmt-major/,,macewan-link-list-element
Insurance and Risk Management,/academics/programs/business-management/academics/insurance-risk-management/,https://www.macewan.ca/academics/programs/business-management/academics/insurance-risk-management/,https://www.macewan.ca/academics/programs/business-management/admissions/requirements/index.html,macewan-link-list-element
International Business,/academics/academic-departments/international-business-marketing-strategy-law/academics/international-business-honours/,https://www.macewan.ca/academics/academic-departments/international-business-marketing-strategy-law/academics/international-business-honours/,,macewan-link-list-element
International Business,/academics/academic-departments/international-business-marketing-strategy-law/academics/international-business-major/,https://www.macewan.ca/academics/academic-departments/international-business-marketing-strategy-law/academics/international-business-major/,,macewan-link-list-element
Journalism,/academics/programs/bachelor-of-communication-studies/academics/journalism-major/,https://www.macewan.ca/academics/programs/bachelor-of-communication-studies/academics/journalism-major/,https://www.macewan.ca/academics/programs/bachelor-of-communication-studies/admissions/requirements/index.html,macewan-link-list-element
Legal Studies in Business,/academics/academic-departments/international-business-marketing-strategy-law/academics/legal-studies-in-business-major/,https://www.macewan.ca/academics/academic-departments/international-business-marketing-strategy-law/academics/legal-studies-in-business-major/,,macewan-link-list-element
Library and Information Technology,/academics/programs/library-and-information-technology/,https://www.macewan.ca/academics/programs/library-and-information-technology/,https://www.macewan.ca/academics/programs/library-and-information-technology/admissions/requirements/index.html,macewan-link-list-element
Management,/academics/academic-departments/management-organizations/academics/mgmt-honours/,https://www.macewan.ca/academics/academic-departments/management-organizations/academics/mgmt-honours/,,macewan-link-list-element
Management,/academics/academic-departments/management-organizations/academics/mgmt-major/,https://www.macewan.ca/academics/academic-departments/management-organizations/academics/mgmt-major/,,macewan-link-list-element
Marketing,/academics/academic-departments/international-business-marketing-strategy-law/academics/marketing-honours/,https://www.macewan.ca/academics/academic-departments/international-business-marketing-strategy-law/academics/marketing-honours/,,macewan-link-list-element
Marketing,/academics/academic-departments/international-business-marketing-strategy-law/academics/marketing-major/,https://www.macewan.ca/academics/academic-departments/international-business-marketing-strategy-law/academics/marketing-major/,,macewan-link-list-element
Massage Therapy,/academics/programs/massage-therapy/,https://www.macewan.ca/academics/programs/massage-therapy/,https://www.macewan.ca/academics/programs/massage-therapy/admissions/requirements/index.html,macewan-link-list-element
Mathematical Sciences,/academics/academic-departments/mathematics-statistics/academics/mathematics-sciences-major/,https://www.macewan.ca/academics/academic-departments/mathematics-statistics/academics/mathematics-sciences-major/,,macewan-link-list-element
Mathematics,/academics/academic-departments/mathematics-statistics/academics/mathematics-honours/,https://www.macewan.ca/academics/academic-departments/mathematics-statistics/academics/mathematics-honours/,,macewan-link-list-element
Mathematics,/academics/academic-departments/mathematics-statistics/academics/mathematics-major/,https://www.macewan.ca/academics/academic-departments/mathematics-statistics/academics/mathematics-major/,,macewan-link-list-element
Music,/academics/programs/bachelor-of-music/academics/diploma-exit/,https://www.macewan.ca/academics/programs/bachelor-of-music/academics/diploma-exit/,https://www.macewan.ca/academics/programs/bachelor-of-music/admissions/requirements/index.html,macewan-link-list-element
Music Theatre Performance,/academics/programs/bachelor-of-fine-arts/academics/diploma-exit/,https://www.macewan.ca/academics/programs/bachelor-of-fine-arts/academics/diploma-exit/,https://www.macewan.ca/academics/programs/bachelor-of-fine-arts/admissions/requirements/index.html,macewan-link-list-element
Office Assistant,/academics/programs/office-assistant/,https://www.macewan.ca/academics/programs/office-assistant/,https://www.macewan.ca/academics/programs/office-assistant/admissions/requirements/index.html,macewan-link-list-element
Office Assistant - Administrative,/academics/programs/office-assistant/academics/administrative-major/,https://www.macewan.ca/academics/programs/office-assistant/academics/administrative-major/,https://www.macewan.ca/academics/programs/office-assistant/admissions/requirements/index.html,macewan-link-list-element
Office Assistant - Legal,/academics/programs/office-assistant/academics/legal-major/,https://www.macewan.ca/academics/programs/office-assistant/academics/legal-major/,https://www.macewan.ca/academics/programs/office-assistant/admissions/requirements/index.html,macewan-link-list-element
Office Assistant - Medical,/academics/programs/office-assistant/academics/medical-major/,https://www.macewan.ca/academics/programs/office-assistant/academics/medical-major/,https://www.macewan.ca/academics/programs/office-assistant/admissions/requirements/index.html,macewan-link-list-element
Open Studies,/academics/programs/open-studies/,https://www.macewan.ca/academics/programs/open-studies/,,macewan-link-list-element
Paralegal Studies,/academics/programs/paralegal-studies/,https://www.macewan.ca/academics/programs/paralegal-studies/,https://www.macewan.ca/academics/programs/paralegal-studies/admissions/requirements/index.html,macewan-link-list-element
Performance,/academics/programs/bachelor-of-music/academics/music-performance-major/,https://www.macewan.ca/academics/programs/bachelor-of-music/academics/music-performance-major/,https://www.macewan.ca/academics/programs/bachelor-of-music/admissions/requirements/index.html,macewan-link-list-element
Perioperative Nursing for Registered Nurses and Licensed Practical Nurses,/academics/programs/perioperative-nursing/,https://www.macewan.ca/academics/programs/perioperative-nursing/,https://www.macewan.ca/academics/programs/perioperative-nursing/admissions/requirements/index.html,macewan-link-list-element
Philosophy,/academics/academic-departments/humanities/academics/philosophy-major/,https://www.macewan.ca/academics/academic-departments/humanities/academics/philosophy-major/,,macewan-link-list-element
Physical Sciences,/academics/academic-departments/physical-sciences/academics/physical-sciences-major/,https://www.macewan.ca/academics/academic-departments/physical-sciences/academics/physical-sciences-major/,,macewan-link-list-element
Physical Therapist Assistant and Occupational Therapist Assistant,/academics/programs/physical-therapist-assistant-and-occupational-therapist-assistant/,https://www.macewan.ca/academics/programs/physical-therapist-assistant-and-occupational-therapist-assistant/,https://www.macewan.ca/academics/programs/physical-therapist-assistant-and-occupational-therapist-assistant/admissions/requirements/index.html,macewan-link-list-element
Police and Investigations - Investigative Studies,/academics/programs/police-investigations-investigative-studies/,https://www.macewan.ca/academics/programs/police-investigations-investigative-studies/,https://www.macewan.ca/academics/programs/police-investigations-investigative-studies/admissions/requirements/index.html,macewan-link-list-element
Police and Investigations - Police Studies,/academics/programs/police-investigations-police-studies/,https://www.macewan.ca/academics/programs/police-investigations-police-studies/,https://www.macewan.ca/academics/programs/police-investigations-police-studies/admissions/requirements/index.html,macewan-link-list-element
Political Science,/academics/academic-departments/anthropology-economics-political-science/academics/political-science-honours/,https://www.macewan.ca/academics/academic-departments/anthropology-economics-political-science/academics/political-science-honours/,,macewan-link-list-element
Political Science,/academics/academic-departments/anthropology-economics-political-science/academics/political-science-major/,https://www.macewan.ca/academics/academic-departments/anthropology-economics-political-science/academics/political-science-major/,,macewan-link-list-element
Professional Communication,/academics/programs/bachelor-of-communication-studies/academics/professional-communication-major/,https://www.macewan.ca/academics/programs/bachelor-of-communication-studies/academics/professional-communication-major/,https://www.macewan.ca/academics/programs/bachelor-of-communication-studies/admissions/requirements/index.html,macewan-link-list-element
Psychiatric Nursing,/academics/programs/bachelor-of-psychiatric-nursing/academics/diploma-exit/,https://www.macewan.ca/academics/programs/bachelor-of-psychiatric-nursing/academics/diploma-exit/,https://www.macewan.ca/academics/programs/bachelor-of-psychiatric-nursing/admissions/requirements/index.html,macewan-link-list-element
Psychology,/academics/academic-departments/psychology/academics/psychology-honours/,https://www.macewan.ca/academics/academic-departments/psychology/academics/psychology-honours/,,macewan-link-list-element
Psychology,/academics/academic-departments/psychology/academics/psychology-major/,https://www.macewan.ca/academics/academic-departments/psychology/academics/psychology-major/,,macewan-link-list-element
Public Relations,/academics/programs/bachelor-of-communication-studies/academics/public-relations-major/,https://www.macewan.ca/academics/programs/bachelor-of-communication-studies/academics/public-relations-major/,https://www.macewan.ca/academics/programs/bachelor-of-communication-studies/admissions/requirements/index.html,macewan-link-list-element
Recording and Production,/academics/programs/bachelor-of-music/academics/music-recording-production-major/,https://www.macewan.ca/academics/programs/bachelor-of-music/academics/music-recording-production-major/,https://www.macewan.ca/academics/programs/bachelor-of-music/admissions/requirements/index.html,macewan-link-list-element
Social Work,/academics/programs/social-work/,https://www.macewan.ca/academics/programs/social-work/,https://www.macewan.ca/academics/programs/social-work/admissions/requirements/index.html,macewan-link-list-element
Sociology,/academics/academic-departments/sociology/academics/sociology-honours/,https://www.macewan.ca/academics/academic-departments/sociology/academics/sociology-honours/,,macewan-link-list-element
Sociology,/academics/academic-departments/sociology/academics/sociology-major/,https://www.macewan.ca/academics/academic-departments/sociology/academics/sociology-major/,,macewan-link-list-element
Speech Language Pathologist Assistant,/academics/programs/speech-language-pathologist-assistant/,https://www.macewan.ca/academics/programs/speech-language-pathologist-assistant/,https://www.macewan.ca/academics/programs/speech-language-pathologist-assistant/admissions/requirements/index.html,macewan-link-list-element
Studio Arts,/academics/programs/bachelor-of-fine-arts/academics/diploma-exit/,https://www.macewan.ca/academics/programs/bachelor-of-fine-arts/academics/diploma-exit/,https://www.macewan.ca/academics/programs/bachelor-of-fine-arts/admissions/requirements/index.html,macewan-link-list-element
Supply Chain Management,/academics/academic-departments/decision-sciences/academics/supply-chain-management-major/,https://www.macewan.ca/academics/academic-departments/decision-sciences/academics/supply-chain-management-major/,,macewan-link-list-element
Theatre Production,/academics/programs/bachelor-of-fine-arts/academics/diploma-exit/,https://www.macewan.ca/academics/programs/bachelor-of-fine-arts/academics/diploma-exit/,https://www.macewan.ca/academics/programs/bachelor-of-fine-arts/admissions/requirements/index.html,macewan-link-list-element
Travel and Tourism,/academics/programs/travel-and-tourism/,https://www.macewan.ca/academics/programs/travel-and-tourism/,https://www.macewan.ca/academics/programs/travel-and-tourism/admissions/requirements/index.html,macewan-link-list-element
University Preparation,/academics/programs/university-preparation/,https://www.macewan.ca/academics/programs/university-preparation/,,macewan-link-list-element
