program_name,program_href,program_url,seed_source
Academic Upgrading,/programs/academic-upgrading,https://www.nait.ca/programs/academic-upgrading,program-card-element
Advanced Care Paramedic,/programs/advanced-care-paramedic,https://www.nait.ca/programs/advanced-care-paramedic,program-card-element
Advanced Carpentry Technology,/programs/advanced-carpentry-technology,https://www.nait.ca/programs/advanced-carpentry-technology,program-card-element
Advanced Plumbing Technology,/programs/advanced-plumbing-technology,https://www.nait.ca/programs/advanced-plumbing-technology,program-card-element
Advanced Welding Technology,/programs/advanced-welding-technology,https://www.nait.ca/programs/advanced-welding-technology,program-card-element
Alternative Energy Technology,/programs/alternative-energy-technology,https://www.nait.ca/programs/alternative-energy-technology,program-card-element
Architectural Technology,/programs/architectural-technology,https://www.nait.ca/programs/architectural-technology,program-card-element
Auto Body Technician,/apprenticeship/autobody,https://www.nait.ca/apprenticeship/autobody,program-card-element
Automotive Service Technician,/apprenticeship/automotive-service-technician,https://www.nait.ca/apprenticeship/automotive-service-technician,program-card-element
Automotive Service Technology,/programs/automotive-service-technology,https://www.nait.ca/programs/automotive-service-technology,program-card-element
Bachelor of Applied Information Systems Technology - Information Systems,/programs/baist-information-systems,https://www.nait.ca/programs/baist-information-systems,program-card-element
Bachelor of Applied Information Systems Technology - Network Management,/programs/baist-network-management,https://www.nait.ca/programs/baist-network-management,program-card-element
Bachelor of Business Administration - Accounting and Analytics,/programs/bba-accounting-and-analytics,https://www.nait.ca/programs/bba-accounting-and-analytics,program-card-element
Bachelor of Business Administration - Entrepreneurship Innovation,/programs/bba-entrepreneurship,https://www.nait.ca/programs/bba-entrepreneurship,program-card-element
Bachelor of Business Administration - Finance,/programs/bba-finance,https://www.nait.ca/programs/bba-finance,program-card-element
Bachelor of Business Administration - General,/programs/bba-general,https://www.nait.ca/programs/bba-general,program-card-element
Bachelor of Business Administration - Human Resources Management,/programs/bba-human-resources-management,https://www.nait.ca/programs/bba-human-resources-management,program-card-element
Bachelor of Business Administration - Management,/programs/bba-management,https://www.nait.ca/programs/bba-management,program-card-element
Bachelor of Business Administration - Marketing,/programs/bba-marketing,https://www.nait.ca/programs/bba-marketing,program-card-element
Bachelor of Business Administration - Supply Chain Management,/programs/bba-supply-chain-management,https://www.nait.ca/programs/bba-supply-chain-management,program-card-element
Bachelor of Technology in Management - General Management,/programs/btech,https://www.nait.ca/programs/btech,program-card-element
Bachelor of Technology in Management - Operations Management,/programs/btech-operationsmanagement,https://www.nait.ca/programs/btech-operationsmanagement,program-card-element
Bachelor of Technology in Management - Project Management,/programs/btech-projectmanagement,https://www.nait.ca/programs/btech-projectmanagement,program-card-element
Bachelor of Technology in Management - Sustainability Management,/programs/btech-sustainabilitymanagement,https://www.nait.ca/programs/btech-sustainabilitymanagement,program-card-element
Baking and Pastry Arts,/programs/baking-and-pastry-arts,https://www.nait.ca/programs/baking-and-pastry-arts,program-card-element
Biomedical Engineering Technology,/programs/biomedical-engineering-technology,https://www.nait.ca/programs/biomedical-engineering-technology,program-card-element
Boilermaker,/apprenticeship/boilermaker,https://www.nait.ca/apprenticeship/boilermaker,program-card-element
Building Automation Systems Technology - Immersive Industry Education,/programs/building-automation-systems-technology,https://www.nait.ca/programs/building-automation-systems-technology,program-card-element
Business Administration - Accounting,/programs/business-administration-accounting,https://www.nait.ca/programs/business-administration-accounting,program-card-element
Business Administration - Entrepreneurship and Innovation,/programs/business-administration-entrepreneurship,https://www.nait.ca/programs/business-administration-entrepreneurship,program-card-element
Business Administration - Finance,/programs/business-administration-finance,https://www.nait.ca/programs/business-administration-finance,program-card-element
Business Administration - Human Resource Management,/programs/business-administration-human-resources,https://www.nait.ca/programs/business-administration-human-resources,program-card-element
Business Administration - Management,/programs/business-administration-management,https://www.nait.ca/programs/business-administration-management,program-card-element
Business Administration - Marketing,/programs/business-administration-marketing,https://www.nait.ca/programs/business-administration-marketing,program-card-element
Business for Journeyperson Pathway to a Business Administration - Management Diploma,/programs/business-for-journeyperson-ba-management,https://www.nait.ca/programs/business-for-journeyperson-ba-management,program-card-element
Cabinetmaker,/apprenticeship/cabinetmaker,https://www.nait.ca/apprenticeship/cabinetmaker,program-card-element
Captioning and Court Reporting,/programs/captioning-court-reporting,https://www.nait.ca/programs/captioning-court-reporting,program-card-element
Carpenter,/apprenticeship/carpenter,https://www.nait.ca/apprenticeship/carpenter,program-card-element
Chemical Engineering Technology,/programs/chemical-engineering-technology,https://www.nait.ca/programs/chemical-engineering-technology,program-card-element
Chemical Technology,/programs/chemical-technology,https://www.nait.ca/programs/chemical-technology,program-card-element
Civil Engineering Technology,/programs/civil-engineering-technology,https://www.nait.ca/programs/civil-engineering-technology,program-card-element
CNC Machinist Technician,/programs/cnc-machinist,https://www.nait.ca/programs/cnc-machinist,program-card-element
Computer Engineering Technology,/programs/computer-engineering-technology,https://www.nait.ca/programs/computer-engineering-technology,program-card-element
Computer Network Administrator,/programs/computer-network-administrator,https://www.nait.ca/programs/computer-network-administrator,program-card-element
Conservation Biology,/programs/conservation-biology,https://www.nait.ca/programs/conservation-biology,program-card-element
Construction Engineering Technology,/programs/construction-engineering-technology,https://www.nait.ca/programs/construction-engineering-technology,program-card-element
Cook,/apprenticeship/cook,https://www.nait.ca/apprenticeship/cook,program-card-element
Court Transcription,/programs/court-transcription,https://www.nait.ca/programs/court-transcription,program-card-element
Crane and Hoist Equipment Operator,/apprenticeship/crane-hoisting-equipment-operator,https://www.nait.ca/apprenticeship/crane-hoisting-equipment-operator,program-card-element
Culinary Arts,/programs/culinary-arts,https://www.nait.ca/programs/culinary-arts,program-card-element
Cybersecurity,/programs/cybersecurity,https://www.nait.ca/programs/cybersecurity,program-card-element
Cybersecurity Immersive Industry Education,/programs/cybersecurity-iie,https://www.nait.ca/programs/cybersecurity-iie,program-card-element
Data Analytics,/programs/data-analytics,https://www.nait.ca/programs/data-analytics,program-card-element
Dental Assisting,/programs/dental-assisting-technology,https://www.nait.ca/programs/dental-assisting-technology,program-card-element
Dental Technology,/programs/dental-technology,https://www.nait.ca/programs/dental-technology,program-card-element
Denturist Technology,/programs/denturist-technology,https://www.nait.ca/programs/denturist-technology,program-card-element
Diagnostic Medical Sonography - General,/programs/diagnostic-medical-sonography-general,https://www.nait.ca/programs/diagnostic-medical-sonography-general,program-card-element
Diagnostic Medical Sonography - General and Cardiac,/programs/diagnostic-medical-sonography-general-and-cardiac,https://www.nait.ca/programs/diagnostic-medical-sonography-general-and-cardiac,program-card-element
Digital Design - Visual Communication Design,/programs/dd-visual-communication-design,https://www.nait.ca/programs/dd-visual-communication-design,program-card-element
Digital Design - Web Design,/programs/dd-web-design,https://www.nait.ca/programs/dd-web-design,program-card-element
Disaster and Emergency Management,/programs/emergency-management,https://www.nait.ca/programs/emergency-management,program-card-element
Electrical Engineering Technology,/programs/electrical-engineering-technology,https://www.nait.ca/programs/electrical-engineering-technology,program-card-element
Electrical Installations Technology,/programs/electrical-installations-technology,https://www.nait.ca/programs/electrical-installations-technology,program-card-element
Electrician,/apprenticeship/electrician,https://www.nait.ca/apprenticeship/electrician,program-card-element
Electronics Engineering Technology,/programs/electronics-engineering-technology,https://www.nait.ca/programs/electronics-engineering-technology,program-card-element
Engineering Design Technology,/programs/engineering-design-technology,https://www.nait.ca/programs/engineering-design-technology,program-card-element
Environmental Monitoring and Assessment,/programs/environmental-monitoring-assessment,https://www.nait.ca/programs/environmental-monitoring-assessment,program-card-element
Forest Technology,/programs/forest-technology,https://www.nait.ca/programs/forest-technology,program-card-element
Game Development - Animation and Game Design,/programs/gd-animation-and-game-design,https://www.nait.ca/programs/gd-animation-and-game-design,program-card-element
Game Development - Game Programming,/programs/gd-game-programming,https://www.nait.ca/programs/gd-game-programming,program-card-element
Gasfitter,/apprenticeship/gasfitter,https://www.nait.ca/apprenticeship/gasfitter,program-card-element
Geoscience Technology,/programs/geoscience-technology,https://www.nait.ca/programs/geoscience-technology,program-card-element
Glazier,/apprenticeship/glazier,https://www.nait.ca/apprenticeship/glazier,program-card-element
Graphic Communications,/programs/graphic-communications,https://www.nait.ca/programs/graphic-communications,program-card-element
Heating Ventilation Air Conditioning Refrigeration Technician,/programs/hvac-refrigeration-technician,https://www.nait.ca/programs/hvac-refrigeration-technician,program-card-element
Heavy Equipment Technician,/apprenticeship/heavy-equipment-technician,https://www.nait.ca/apprenticeship/heavy-equipment-technician,program-card-element
Hospitality Management,/programs/hospitality-management,https://www.nait.ca/programs/hospitality-management,program-card-element
Industrial Heavy Equipment Technology,/programs/industrial-heavy-equipment-technology,https://www.nait.ca/programs/industrial-heavy-equipment-technology,program-card-element
Industrial Mechanic (Millwright),/apprenticeship/industrial-mechanic,https://www.nait.ca/apprenticeship/industrial-mechanic,program-card-element
Instrumentation and Control Technician,/apprenticeship/instrumentation-control-technician,https://www.nait.ca/apprenticeship/instrumentation-control-technician,program-card-element
Instrumentation Engineering Technology,/programs/instrumentation-engineering-technology,https://www.nait.ca/programs/instrumentation-engineering-technology,program-card-element
Insulator (Heat and Frost),/apprenticeship/insulator,https://www.nait.ca/apprenticeship/insulator,program-card-element
Interior Design Technology,/programs/interior-design-technology,https://www.nait.ca/programs/interior-design-technology,program-card-element
Ironworker,/apprenticeship/ironworker,https://www.nait.ca/apprenticeship/ironworker,program-card-element
IT Business Analysis,/programs/it-business-analysis,https://www.nait.ca/programs/it-business-analysis,program-card-element
IT Systems Administration,/programs/it-systems-administration,https://www.nait.ca/programs/it-systems-administration,program-card-element
Laboratory and X-Ray Technology Combined,/programs/lab-and-x-ray-combined,https://www.nait.ca/programs/lab-and-x-ray-combined,program-card-element
Laboratory Research and Biotechnology,/programs/lab-research,https://www.nait.ca/programs/lab-research,program-card-element
Landscape Architectural Technology,/programs/landscape-architectural-technology,https://www.nait.ca/programs/landscape-architectural-technology,program-card-element
Leadership in Healthcare,/programs/leadership-in-healthcare,https://www.nait.ca/programs/leadership-in-healthcare,program-card-element
Machinist,/apprenticeship/machinist,https://www.nait.ca/apprenticeship/machinist,program-card-element
Magnetic Resonance Imaging 1st Discipline,/programs/magnetic-resonance,https://www.nait.ca/programs/magnetic-resonance,program-card-element
Magnetic Resonance Imaging 2nd Discipline,/programs/magnetic-resonance-imaging,https://www.nait.ca/programs/magnetic-resonance-imaging,program-card-element
Materials Engineering Technology,/programs/materials-engineering-technology,https://www.nait.ca/programs/materials-engineering-technology,program-card-element
Mechanical Engineering Technology,/programs/mechanical-engineering-technology,https://www.nait.ca/programs/mechanical-engineering-technology,program-card-element
Media Communications and Production - Radio and Media Production,/programs/radio,https://www.nait.ca/programs/radio,program-card-element
Media Communications and Production - Television and Media Production,/programs/television,https://www.nait.ca/programs/television,program-card-element
Medical Laboratory Assisting,/programs/medical-laboratory-assisting,https://www.nait.ca/programs/medical-laboratory-assisting,program-card-element
Medical Laboratory Technology,/programs/medical-laboratory-technology,https://www.nait.ca/programs/medical-laboratory-technology,program-card-element
Medical Radiologic Technology,/programs/medical-radiologic-technology,https://www.nait.ca/programs/medical-radiologic-technology,program-card-element
Millwork and Carpentry,/programs/millwork-and-carpentry,https://www.nait.ca/programs/millwork-and-carpentry,program-card-element
Nanosystems Engineering Technology,/programs/nanosystems-engineering-technology,https://www.nait.ca/programs/nanosystems-engineering-technology,program-card-element
Narrative Cinema Production,/programs/narrative-cinema-production,https://www.nait.ca/programs/narrative-cinema-production,program-card-element
Network Engineering Technology,/programs/network-engineering-technology,https://www.nait.ca/programs/network-engineering-technology,program-card-element
Occupational Health and Safety,/programs/occupational-health-safety,https://www.nait.ca/programs/occupational-health-safety,program-card-element
Optical Sciences - Contact Lenses,/programs/optical-sciences-contact-lenses,https://www.nait.ca/programs/optical-sciences-contact-lenses,program-card-element
Optical Sciences - Eyeglasses,/programs/optical-sciences-eyeglasses,https://www.nait.ca/programs/optical-sciences-eyeglasses,program-card-element
Parts Technician,/apprenticeship/parts-technician,https://www.nait.ca/apprenticeship/parts-technician,program-card-element
Personal Fitness Trainer,/programs/personal-fitness-trainer,https://www.nait.ca/programs/personal-fitness-trainer,program-card-element
Petroleum Engineering Technology,/programs/petroleum-engineering-technology,https://www.nait.ca/programs/petroleum-engineering-technology,program-card-element
Plumber,/apprenticeship/plumber,https://www.nait.ca/apprenticeship/plumber,program-card-element
Power Engineering Technology,/programs/power-engineering-technology,https://www.nait.ca/programs/power-engineering-technology,program-card-element
"Power Engineering, 4th Class",/programs/power-engineering-4th-class,https://www.nait.ca/programs/power-engineering-4th-class,program-card-element
Power System Electrician,/apprenticeship/power-system-electrician,https://www.nait.ca/apprenticeship/power-system-electrician,program-card-element
Powerline Technician,/apprenticeship/powerline-technician,https://www.nait.ca/apprenticeship/powerline-technician,program-card-element
Pre-Employment Auto Body Repair,/programs/auto-body-pre-employment,https://www.nait.ca/programs/auto-body-pre-employment,program-card-element
Primary Care Paramedic,/programs/primary-care-paramedic,https://www.nait.ca/programs/primary-care-paramedic,program-card-element
Professional Meat Cutting & Merchandising,/programs/professional-meatcutting-and-merchandising,https://www.nait.ca/programs/professional-meatcutting-and-merchandising,program-card-element
Refrigeration and Air Conditioning Mechanic,/apprenticeship/refrigeration-and-air-conditioning-mechanic,https://www.nait.ca/apprenticeship/refrigeration-and-air-conditioning-mechanic,program-card-element
Respiratory Therapy,/programs/respiratory-therapy,https://www.nait.ca/programs/respiratory-therapy,program-card-element
Roofer,/apprenticeship/roofer,https://www.nait.ca/apprenticeship/roofer,program-card-element
Sheet Metal Worker,/apprenticeship/sheet-metal-worker,https://www.nait.ca/apprenticeship/sheet-metal-worker,program-card-element
Software Development,/programs/software-development,https://www.nait.ca/programs/software-development,program-card-element
Steamfitter/Pipefitter,/apprenticeship/steamfitter-pipefitter,https://www.nait.ca/apprenticeship/steamfitter-pipefitter,program-card-element
Surveying and Geospatial Engineering Technology,/programs/surveying-and-geospatial-engineering-technology,https://www.nait.ca/programs/surveying-and-geospatial-engineering-technology,program-card-element
Trades to Degrees Pathway to BBA Degree - Management Concentration,/programs/trades-to-degrees,https://www.nait.ca/programs/trades-to-degrees,program-card-element
Veterinary Medical Assistant,/programs/veterinary-medical-assistant,https://www.nait.ca/programs/veterinary-medical-assistant,program-card-element
Veterinary Technology,/programs/veterinary-technology,https://www.nait.ca/programs/veterinary-technology,program-card-element
Water and Wastewater Technician,/programs/water-wastewater-technician,https://www.nait.ca/programs/water-wastewater-technician,program-card-element
Welder,/apprenticeship/welder,https://www.nait.ca/apprenticeship/welder,program-card-element
Wireless Systems Engineering Technology,/programs/wireless-systems-engineering-technology,https://www.nait.ca/programs/wireless-systems-engineering-technology,program-card-element
