institution,program_name,credential,admission_type,source_url,notes_uncertain
NAIT,Bachelor of Business Administration (BBA) Co-operative Education,nan,,https://www.nait.ca/nait/schools-programs/jr-shaw-school-of-business/experiential-learning/bachelor-of-business-administration-co-op-educatio,
NAIT,C/C++ Programming Language,nan,,https://www.nait.ca/coned/c-cpp-programming-language,
NAIT,Construction Leadership and Supervision (CLS),Certificate,,https://www.nait.ca/coned/construction-leadership-and-supervision-program,
NAIT,Core Programming,nan,,https://www.nait.ca/coned/core-programming,
NAIT,Digital Marketing,Professional Certificate,,https://www.nait.ca/coned/digital-marketing-program,
NAIT,ICON Student Managed Investment Fund,nan,,https://www.nait.ca/nait/schools-programs/jr-shaw-school-of-business/experiential-learning/icon-student-managed-investment-fund,
NAIT,IGNITE Program,nan,,https://www.nait.ca/nait/student-life/clubs-groups-community/nisohkamatotan-centre/the-prospective-aboriginal-youth-program,
NAIT,National Payroll Institute Designation Programs,PCP and PLP designations,,https://www.nait.ca/coned/national-payroll-institute-program,
NAIT,Nokia Bell Labs 5G Certification,nan,,https://www.nait.ca/nait/corporate-continuing-education/programs/nokia-bell-labs-5g-certification,
NAIT,Open Studies Pathway (School of Health and Life Sciences),nan,,https://www.nait.ca/nait/schools-programs/school-of-health-and-life-sciences/open-studies-pathway,
NAIT,Outreach and Well-being Leaders (OWLs) Program,nan,,https://www.nait.ca/nait/student-life/clubs-groups-community/outreach-and-well-being-leaders-program,
NAIT,Outreach and Well-being Leaders Engagement Team (OWLET),nan,,https://www.nait.ca/nait/student-life/clubs-groups-community/outreach-and-well-being-leaders-program/outreach-and-well-being-leaders-engagement-team,
NAIT,Programmable Logic Controller Level I,Certificate of Achievement,,https://www.nait.ca/coned/programmable-logic-controller,
NAIT,Programmable Logic Controller Level II,Certificate of Achievement,,https://www.nait.ca/coned/programmable-logic-controller-ii,
NAIT,Water and Wastewater Technician,Specialized Certificate,,https://www.nait.ca/coned/water-wastewater-tech-programming-distance,
NorQuest,Academic Upgrading,Course credits,,https://www.norquest.ca/programs-and-courses/programs/academic-upgrading/,
NorQuest,Accounting Technician,Certificate,,https://www.norquest.ca/programs-and-courses/programs/accounting-technician/,
NorQuest,Addictions Recovery Practitioner,Post-diploma certificate,,https://www.norquest.ca/programs-and-courses/programs/addictions-recovery-practitioner/,
NorQuest,Administrative Professional,Certificate,,https://www.norquest.ca/programs-and-courses/programs/administrative-professional/,
NorQuest,Advanced Education in Orthopedics for LPN,Post-diploma certificate,,https://www.norquest.ca/programs-and-courses/programs/advanced-education-in-orthopedics-for-lpn/,
NorQuest,Arts and Sciences Diploma,Diploma,,https://www.norquest.ca/programs-and-courses/programs/arts-and-sciences/,
NorQuest,Autism in the workplace,Digital badge,,https://www.norquest.ca/programs-and-courses/programs/autism-in-the-workplace/,
NorQuest,Autism Studies,Post-diploma certificate,,https://www.norquest.ca/programs-and-courses/programs/autism-studies/,
NorQuest,Behaviour and Regulation Studies,Post-diploma certificate,,https://www.norquest.ca/programs-and-courses/programs/behaviour-and-regulation-studies/,
NorQuest,"Biological, Life, and Health Sciences Specialization",Diploma,,https://www.norquest.ca/programs-and-courses/programs/biological-life-and-health-sciences-specialization/,
NorQuest,Building Service Worker,Completion certificate,,https://www.norquest.ca/programs-and-courses/programs/building-service-worker/,
NorQuest,Business Administration,Diploma,,https://www.norquest.ca/programs-and-courses/programs/business-administration/,
NorQuest,CAEC Readiness,Microcredential,,https://www.norquest.ca/programs-and-courses/programs/caec-readiness/,
NorQuest,Child and Youth Care,Diploma,,https://www.norquest.ca/programs-and-courses/programs/child-and-youth-care/,
NorQuest,Clinical Practice Enhancement for LPNs,Completion certificate,,https://www.norquest.ca/programs-and-courses/programs/clinical-practice-enhancement-for-lpns/,
NorQuest,Community Support Worker,Certificate,,https://www.norquest.ca/programs-and-courses/programs/community-support-worker/,
NorQuest,Content Creator,Certificate,,https://www.norquest.ca/programs-and-courses/programs/content-creator/,
NorQuest,Demystifying Accessibility,Digital badge,,https://www.norquest.ca/programs-and-courses/programs/demystifying-accessibility/,
NorQuest,Dental Office Assistant,Certificate,,https://www.norquest.ca/programs-and-courses/programs/dental-office-assistant/,
NorQuest,Digital Design,Diploma,,https://www.norquest.ca/programs-and-courses/programs/digital-design/,
NorQuest,Digital Information Careers,Certificate,,https://www.norquest.ca/programs-and-courses/programs/digital-information-careers/,
NorQuest,Digital Marketing,Post-diploma certificate,,https://www.norquest.ca/programs-and-courses/programs/digital-marketing/,
NorQuest,Disability Studies,Diploma,,https://www.norquest.ca/programs-and-courses/programs/disability-studies/,
NorQuest,EAL Intensive,Course credits,,https://www.norquest.ca/programs-and-courses/programs/eal-intensive/,
NorQuest,Early Learning and Child Care – certificate,Certificate,,https://www.norquest.ca/programs-and-courses/programs/early-learning-and-child-care/,
NorQuest,Early Learning and Child Care – diploma,Diploma,,https://www.norquest.ca/programs-and-courses/programs/early-learning-and-child-care-diploma/,
NorQuest,Education and Employment Pathways,Completion certificate,,https://www.norquest.ca/programs-and-courses/programs/education-and-employment-pathways/,
NorQuest,Educational Assistant,Certificate,,https://www.norquest.ca/programs-and-courses/programs/educational-assistant/,
NorQuest,Energy Management,Diploma,,https://www.norquest.ca/programs-and-courses/programs/energy-management/,
NorQuest,Engineering University Transfer Certificate,Certificate,,https://www.norquest.ca/programs-and-courses/programs/engineering-university-transfer-certificate/,
NorQuest,Environmental Technician,Diploma,,https://www.norquest.ca/programs-and-courses/programs/environmental-technician/,
NorQuest,Flight Attendant,Completion certificate,,https://www.norquest.ca/programs-and-courses/programs/flight-attendant/,
NorQuest,Foundational Business and Entrepreneurial Skills in Healthcare,Microcredential,,https://www.norquest.ca/programs-and-courses/programs/foundational-business-and-entrepreneurial-skills-in-healthcare/,
NorQuest,Foundations for Learning,Course credits,,https://www.norquest.ca/programs-and-courses/programs/foundations-for-learning/,
NorQuest,Greenhouse Practices and Operational Fundamentals,Microcredential,,https://www.norquest.ca/programs-and-courses/programs/greenhouse-practices/,
NorQuest,Health Care Aide,Certificate,,https://www.norquest.ca/programs-and-courses/programs/health-care-aide/,
NorQuest,Health Care Aide Workplace,Certificate,,https://www.norquest.ca/programs-and-courses/programs/health-care-aide-workplace/,
NorQuest,Health Care Leadership,Post-diploma certificate,,https://www.norquest.ca/programs-and-courses/programs/health-care-leadership/,
NorQuest,Health Information Management,Microcredential,,https://www.norquest.ca/programs-and-courses/programs/health-information-management/,
NorQuest,Hospital Unit Clerk,Certificate,,https://www.norquest.ca/programs-and-courses/programs/hospital-unit-clerk/,
NorQuest,Hospitality Industry Fundamentals,Microcredential,,https://www.norquest.ca/programs-and-courses/programs/hospitality-industry-fundamentals/,
NorQuest,Indigenous Studies,Diploma,,https://www.norquest.ca/programs-and-courses/programs/indigenous-studies/,
NorQuest,Insurance Professional,Completion certificate,,https://www.norquest.ca/programs-and-courses/programs/insurance-professional/,
NorQuest,Interdisciplinary Therapy Assistant,Diploma,,https://www.norquest.ca/programs-and-courses/programs/interdisciplinary-therapy-assistant/,
NorQuest,Introduction to Anti-racism,Digital badge,,https://www.norquest.ca/programs-and-courses/programs/introduction-to-anti-racism/,
NorQuest,Introduction to Applied Research for Innovation,Microcredential,,https://www.norquest.ca/programs-and-courses/programs/introduction-to-applied-research-for-innovation/,
NorQuest,Introduction to Aviation Operations,Microcredential,,https://www.norquest.ca/programs-and-courses/programs/introduction-to-aviation-operations/,
NorQuest,Introduction to Esports,Microcredential,,https://www.norquest.ca/programs-and-courses/programs/esports/,
NorQuest,Introduction to Healthcare Technology,Microcredential,,https://www.norquest.ca/programs-and-courses/programs/introduction-to-healthcare-technology/,
NorQuest,Introduction to Inclusion,Digital badge,,https://www.norquest.ca/programs-and-courses/programs/introduction-to-inclusion/,
NorQuest,Introduction to Intercultural Understanding,Digital badge,,https://www.norquest.ca/programs-and-courses/programs/introduction-to-intercultural-understanding/,
NorQuest,Justice,Diploma,,https://www.norquest.ca/programs-and-courses/programs/justice/,
NorQuest,Leadership Training Certificate,Completion certificate,,https://www.norquest.ca/programs-and-courses/programs/leadership-training-certificate/,
NorQuest,LINC - Language Instruction for Newcomers to Canada,Completion certificate,,https://www.norquest.ca/programs-and-courses/programs/language-instruction-for-newcomers-to-canada/,
NorQuest,Machine Learning Analyst,Diploma,,https://www.norquest.ca/programs-and-courses/programs/machine-learning-analyst/,
NorQuest,Medical Device Reprocessing Technician,Certificate,,https://www.norquest.ca/programs-and-courses/programs/medical-device-reprocessing-technician/,
NorQuest,Medical Office Assistant,Certificate,,https://www.norquest.ca/programs-and-courses/programs/medical-office-assistant/,
NorQuest,Mental Health and Addiction Support Worker,Diploma,,https://www.norquest.ca/programs-and-courses/programs/mental-health-and-addiction-support-worker/,
NorQuest,Mental Health Recovery Practitioner,Post-diploma certificate,,https://www.norquest.ca/programs-and-courses/programs/mental-health-recovery-practitioner/,
NorQuest,"New Media, Communications, and Technology Specialization",Diploma,,https://www.norquest.ca/programs-and-courses/programs/new-media-communications-and-technology-specialization/,
NorQuest,Pharmacy Technician,Diploma,,https://www.norquest.ca/programs-and-courses/programs/pharmacy-technician/,
NorQuest,Practical Nurse,Diploma,,https://www.norquest.ca/programs-and-courses/programs/practical-nurse/,
NorQuest,Practical Nurse Diploma for Internationally Educated Nurses,Diploma,,https://www.norquest.ca/programs-and-courses/programs/practical-nurse-diploma-for-internationally-educated-nurses/,
NorQuest,Promoting Labour Market Attachment for Newcomers Living With Disabilities,Completion certificate,,https://www.norquest.ca/programs-and-courses/programs/promoting-labour-market-attachment-for-newcomers-living-with-disabilities/,
NorQuest,Settlement Studies,Diploma,,https://www.norquest.ca/programs-and-courses/programs/settlement-studies/,
NorQuest,Social Work,Diploma,,https://www.norquest.ca/programs-and-courses/programs/social-work/,
NorQuest,Solar Photovoltaic (PV) Systems and Installation,Microcredential,,https://www.norquest.ca/programs-and-courses/programs/solar-systems-and-installation/,
NorQuest,Sustainability Coordinator,Diploma,,https://www.norquest.ca/programs-and-courses/programs/sustainability-coordinator/,
NorQuest,Taxi Ambassador,Completion certificate,,https://www.norquest.ca/programs-and-courses/programs/taxi-ambassador/,
NorQuest,Teaching English as a Second Language,Completion certificate,,https://www.norquest.ca/programs-and-courses/programs/teaching-english-as-a-second-language/,
NorQuest,Therapeutic Recreation,Diploma,,https://www.norquest.ca/programs-and-courses/programs/therapeutic-recreation/,
NorQuest,Tourism Supply Chain Fundamentals,Microcredential,,https://www.norquest.ca/programs-and-courses/programs/tourism-supply-chain-fundamentals/,
NorQuest,Trades Pathways for Newcomers - Carpentry,Completion certificate,,https://www.norquest.ca/programs-and-courses/programs/trades-pathways-for-newcomers-carpentry/,
NorQuest,Transitions to Employment,Certificate,,https://www.norquest.ca/programs-and-courses/programs/transitions-to-employment/,
NorQuest,Upskilling For Data Analytics and Business Intelligence for Autistic Individuals,Completion certificate,,https://www.norquest.ca/programs-and-courses/programs/upskilling-for-data-analytics-and-business-intelligence/,
NorQuest,Veterinary Office Assistant,Certificate,,https://www.norquest.ca/programs-and-courses/programs/veterinary-office-assistant/,
NorQuest,Workplace Soft Skills,Completion certificate,,https://www.norquest.ca/programs-and-courses/programs/workplace-soft-skills/,
UAlberta,"Agricultural, Life and Environmental Sciences (ALES) (First-Year)",Degree,,https://www.ualberta.ca/en/agriculture-life-environment-sciences/programs/undergraduate-programs/admissions/index.html,
UAlberta,Art & Design (First-Year),Degree,,https://www.ualberta.ca/en/art-design/admissions/undergraduate-application/index.html,
UAlberta,Arts (First-Year),Degree,,https://www.ualberta.ca/en/arts/programs/undergraduate-programs/admissions/index.html,
UAlberta,Augustana (First-Year),Degree,,https://www.ualberta.ca/en/augustana/programs/admissions/index.html,
UAlberta,Business (Preprofessional Entry),Other,,https://www.ualberta.ca/en/business/programs/bachelor-of-commerce/degrees/bcom/admissions.html,
UAlberta,Campus Saint-Jean (First-Year),Degree,,https://www.ualberta.ca/en/campus-saint-jean/programs/undergraduate/admissions/index.html,
UAlberta,Education (First-Year),Degree,,https://www.ualberta.ca/en/education/programs/undergraduate-programs/admission-requirements.html,
UAlberta,Engineering (First-Year),Degree,,https://www.ualberta.ca/en/engineering/admissions-programs/undergraduate/admissions/index.html,
UAlberta,Kinesiology (BScKin) (First-Year),Degree,,https://www.ualberta.ca/en/kinesiology-sport-recreation/programs/undergraduate-programs/admissions/index.html,
UAlberta,Music (First-Year),Degree,,https://www.ualberta.ca/en/music/admissions/undergraduate-admissions/index.html,
UAlberta,Native Studies (First-Year),Degree,,https://www.ualberta.ca/en/native-studies/students/undergraduate.html,
UAlberta,Nursing (First-Year),Degree,,https://www.ualberta.ca/en/nursing/programs/undergraduate-programs-and-their-admissions-requirements/index.html,
UAlberta,Open Studies (First-Year),Other,,https://www.ualberta.ca/en/registrar/registration-and-courses/special-registrations/open-studies/index.html,
UAlberta,Science (First-Year),Degree,,https://www.ualberta.ca/en/science/programs/bachelor-of-science/admission-to-science/index.html,
MacEwan,Accounting,Other,,https://www.macewan.ca/academics/academic-departments/accounting-finance/academics/accounting-honours/,
MacEwan,Accounting,Other,,https://www.macewan.ca/academics/academic-departments/accounting-finance/academics/accounting-major/,
MacEwan,Accounting and Strategic Measurement,Other,,https://www.macewan.ca/academics/programs/accounting-and-strategic-measurement/admissions/requirements/index.html,
MacEwan,Accounting Technology,Other,,https://www.macewan.ca/academics/programs/accounting-and-strategic-measurement/admissions/requirements/index.html,
MacEwan,Acupuncture,Other,,https://www.macewan.ca/academics/programs/acupuncture/admissions/requirements/index.html,
MacEwan,Alberta Foundation Program,Other,,https://www.macewan.ca/academics/programs/alberta-foundation-program/,
MacEwan,Anthropology,Other,,https://www.macewan.ca/academics/academic-departments/anthropology-economics-political-science/academics/anthropology-honours/,
MacEwan,Anthropology,Other,,https://www.macewan.ca/academics/academic-departments/anthropology-economics-political-science/academics/anthropology-major/,
MacEwan,Applied Statistics,Other,,https://www.macewan.ca/academics/academic-departments/mathematics-statistics/academics/applied-statistics-honours/,
MacEwan,Applied Statistics,Other,,https://www.macewan.ca/academics/academic-departments/mathematics-statistics/academics/applied-statistics-major/,
MacEwan,Arts and Cultural Management,Other,,https://www.macewan.ca/academics/programs/bachelor-of-fine-arts/admissions/requirements/index.html,
MacEwan,Arts and Cultural Management,Other,,https://www.macewan.ca/academics/programs/bachelor-of-fine-arts/admissions/requirements/index.html,
MacEwan,Aviation Management,Other,,https://www.macewan.ca/academics/programs/business-management/admissions/requirements/index.html,
MacEwan,Bachelor of Applied Human Service Administration,Other,,https://www.macewan.ca/academics/programs/bachelor-of-applied-human-service-administration/admissions/requirements/index.html,
MacEwan,Bachelor of Arts,Other,,https://www.macewan.ca/academics/programs/bachelor-of-arts/admissions/requirements/index.html,
MacEwan,Bachelor of Child and Youth Care,Other,,https://www.macewan.ca/academics/programs/bachelor-of-child-and-youth-care/admissions/requirements/index.html,
MacEwan,Bachelor of Commerce,Other,,https://www.macewan.ca/academics/programs/bachelor-of-commerce/admissions/requirements/index.html,
MacEwan,Bachelor of Communication Studies,Other,,https://www.macewan.ca/academics/programs/bachelor-of-communication-studies/admissions/requirements/index.html,
MacEwan,Bachelor of Design,Other,,https://www.macewan.ca/academics/programs/bachelor-of-design/admissions/requirements/index.html,
MacEwan,Bachelor of Early Childhood Curriculum Studies,Other,,https://www.macewan.ca/academics/programs/bachelor-of-early-childhood-curriculum-studies/admissions/requirements/index.html,
MacEwan,Bachelor of Fine Arts,Other,,https://www.macewan.ca/academics/programs/bachelor-of-fine-arts/admissions/requirements/index.html,
MacEwan,Bachelor of Music,Other,,https://www.macewan.ca/academics/programs/bachelor-of-music/admissions/requirements/index.html,
MacEwan,Bachelor of Physical Education Transfer,Other,,https://www.macewan.ca/academics/programs/bachelor-of-physical-education-transfer/admissions/requirements/index.html,
MacEwan,Bachelor of Psychiatric Nursing,Other,,https://www.macewan.ca/academics/programs/bachelor-of-psychiatric-nursing/admissions/requirements/index.html,
MacEwan,Bachelor of Public Safety and Justice,Other,,https://www.macewan.ca/academics/programs/bachelor-of-public-safety-and-justice/admissions/requirements/index.html,
MacEwan,Bachelor of Science,Other,,https://www.macewan.ca/academics/programs/bachelor-of-science/admissions/requirements/index.html,
MacEwan,Bachelor of Science in Nursing,Other,,https://www.macewan.ca/academics/programs/bachelor-of-science-in-nursing/admissions/requirements/index.html,
MacEwan,Bachelor of Social Work,Other,,https://www.macewan.ca/academics/programs/bachelor-of-social-work/admissions/requirements/index.html,
MacEwan,Behaviour Analysis,Other,,https://www.macewan.ca/academics/programs/behaviour-analysis/admissions/requirements/index.html,
MacEwan,Biological Sciences,Other,,https://www.macewan.ca/academics/academic-departments/biological-sciences/academics/biological-sciences-honours/,
MacEwan,Biological Sciences,Other,,https://www.macewan.ca/academics/academic-departments/biological-sciences/academics/biological-sciences-major/,
MacEwan,Bridge to Canadian Nursing,Other,,https://www.macewan.ca/academics/programs/bridge-to-canadian-nursing/,
MacEwan,Business Management,Other,,https://www.macewan.ca/academics/programs/business-management/admissions/requirements/index.html,
MacEwan,Business Management,Other,,https://www.macewan.ca/academics/programs/business-management/admissions/requirements/index.html,
MacEwan,Chemistry,Other,,https://www.macewan.ca/academics/academic-departments/physical-sciences/academics/chemistry-major/,
MacEwan,Child and Youth Care,Other,,https://www.macewan.ca/academics/programs/bachelor-of-child-and-youth-care/admissions/requirements/index.html,
MacEwan,Community Justice and Corrections,Other,,https://www.macewan.ca/academics/programs/community-justice-and-corrections/admissions/requirements/index.html,
MacEwan,Composition,Other,,https://www.macewan.ca/academics/programs/bachelor-of-music/admissions/requirements/index.html,
MacEwan,Computer Science,Other,,https://www.macewan.ca/academics/academic-departments/computer-science/academics/computer-science-major/,
MacEwan,Data Science,Other,,https://www.macewan.ca/academics/academic-departments/mathematics-statistics/academics/data-science-major/,
MacEwan,Digital Experience Design,Other,,https://www.macewan.ca/academics/programs/digital-experience-design/admissions/requirements/index.html,
MacEwan,Digital Experience Design,Other,,https://www.macewan.ca/academics/programs/bachelor-of-design/admissions/requirements/index.html,
MacEwan,Early Learning and Child Care,Other,,https://www.macewan.ca/academics/programs/bachelor-of-early-childhood-curriculum-studies/admissions/requirements/index.html,
MacEwan,Economics,Other,,https://www.macewan.ca/academics/academic-departments/anthropology-economics-political-science/academics/economics-honours/,
MacEwan,Economics,Other,,https://www.macewan.ca/academics/academic-departments/anthropology-economics-political-science/academics/economics-major/,
MacEwan,Educational Assistant,Other,,https://www.macewan.ca/academics/programs/educational-assistant/admissions/requirements/index.html,
MacEwan,Emergency Communications and Response,Other,,https://www.macewan.ca/academics/programs/emergency-communications-response/admissions/requirements/index.html,
MacEwan,English,Other,,https://www.macewan.ca/academics/academic-departments/english/academics/english-honours/,
MacEwan,English,Other,,https://www.macewan.ca/academics/academic-departments/english/academics/english-major/,
MacEwan,English as an Additional Language (EAL),Other,,https://www.macewan.ca/academics/programs/english-as-an-additional-language/,
MacEwan,Environmental Sciences,Other,,https://www.macewan.ca/academics/academic-departments/physical-sciences/academics/environmental-sciences-major/,
MacEwan,Foundation Program International,Other,,https://www.macewan.ca/academics/programs/foundation-program-international/,
MacEwan,Foundation Program pimâcihisowin,Other,,https://www.macewan.ca/academics/programs/foundation-program-pimacihisowin/,
MacEwan,General,Other,,https://www.macewan.ca/academics/programs/bachelor-of-music/admissions/requirements/index.html,
MacEwan,Gerontology,Other,,https://www.macewan.ca/academics/programs/gerontology/admissions/requirements/index.html,
MacEwan,Graphic Design,Other,,https://www.macewan.ca/academics/programs/bachelor-of-design/admissions/requirements/index.html,
MacEwan,Hearing Aid Practitioner,Other,,https://www.macewan.ca/academics/programs/hearing-aid-practitioner/admissions/requirements/index.html,
MacEwan,History,Other,,https://www.macewan.ca/academics/academic-departments/humanities/academics/history-major/,
MacEwan,Hospice Palliative Care,Other,,https://www.macewan.ca/academics/programs/hospice-palliative-care/admissions/requirements/index.html,
MacEwan,Human Resources Management,Other,,https://www.macewan.ca/academics/programs/human-resources-management/admissions/requirements/index.html,
MacEwan,Human Resources Management,Other,,https://www.macewan.ca/academics/programs/human-resources-management/admissions/requirements/index.html,
MacEwan,Human Resources Management,Other,,https://www.macewan.ca/academics/academic-departments/management-organizations/academics/hrmt-honours/,
MacEwan,Human Resources Management,Other,,https://www.macewan.ca/academics/academic-departments/management-organizations/academics/hrmt-major/,
MacEwan,Insurance and Risk Management,Other,,https://www.macewan.ca/academics/programs/business-management/admissions/requirements/index.html,
MacEwan,International Business,Other,,https://www.macewan.ca/academics/academic-departments/international-business-marketing-strategy-law/academics/international-business-honours/,
MacEwan,International Business,Other,,https://www.macewan.ca/academics/academic-departments/international-business-marketing-strategy-law/academics/international-business-major/,
MacEwan,Journalism,Other,,https://www.macewan.ca/academics/programs/bachelor-of-communication-studies/admissions/requirements/index.html,
MacEwan,Legal Studies in Business,Other,,https://www.macewan.ca/academics/academic-departments/international-business-marketing-strategy-law/academics/legal-studies-in-business-major/,
MacEwan,Library and Information Technology,Other,,https://www.macewan.ca/academics/programs/library-and-information-technology/admissions/requirements/index.html,
MacEwan,Management,Other,,https://www.macewan.ca/academics/academic-departments/management-organizations/academics/mgmt-honours/,
MacEwan,Management,Other,,https://www.macewan.ca/academics/academic-departments/management-organizations/academics/mgmt-major/,
MacEwan,Marketing,Other,,https://www.macewan.ca/academics/academic-departments/international-business-marketing-strategy-law/academics/marketing-honours/,
MacEwan,Marketing,Other,,https://www.macewan.ca/academics/academic-departments/international-business-marketing-strategy-law/academics/marketing-major/,
MacEwan,Massage Therapy,Other,,https://www.macewan.ca/academics/programs/massage-therapy/admissions/requirements/index.html,
MacEwan,Mathematical Sciences,Other,,https://www.macewan.ca/academics/academic-departments/mathematics-statistics/academics/mathematics-sciences-major/,
MacEwan,Mathematics,Other,,https://www.macewan.ca/academics/academic-departments/mathematics-statistics/academics/mathematics-honours/,
MacEwan,Mathematics,Other,,https://www.macewan.ca/academics/academic-departments/mathematics-statistics/academics/mathematics-major/,
MacEwan,Music,Other,,https://www.macewan.ca/academics/programs/bachelor-of-music/admissions/requirements/index.html,
MacEwan,Music Theatre Performance,Other,,https://www.macewan.ca/academics/programs/bachelor-of-fine-arts/admissions/requirements/index.html,
MacEwan,Music Theatre Performance,Other,,https://www.macewan.ca/academics/programs/bachelor-of-fine-arts/admissions/requirements/index.html,
MacEwan,Office Assistant,Other,,https://www.macewan.ca/academics/programs/office-assistant/admissions/requirements/index.html,
MacEwan,Office Assistant - Administrative,Other,,https://www.macewan.ca/academics/programs/office-assistant/admissions/requirements/index.html,
MacEwan,Office Assistant - Legal,Other,,https://www.macewan.ca/academics/programs/office-assistant/admissions/requirements/index.html,
MacEwan,Office Assistant - Medical,Other,,https://www.macewan.ca/academics/programs/office-assistant/admissions/requirements/index.html,
MacEwan,Open Studies,Other,,https://www.macewan.ca/academics/programs/open-studies/,
MacEwan,Paralegal Studies,Other,,https://www.macewan.ca/academics/programs/paralegal-studies/admissions/requirements/index.html,
MacEwan,Performance,Other,,https://www.macewan.ca/academics/programs/bachelor-of-music/admissions/requirements/index.html,
MacEwan,Perioperative Nursing for Registered Nurses and Licensed Practical Nurses,Other,,https://www.macewan.ca/academics/programs/perioperative-nursing/admissions/requirements/index.html,
MacEwan,Philosophy,Other,,https://www.macewan.ca/academics/academic-departments/humanities/academics/philosophy-major/,
MacEwan,Physical Sciences,Other,,https://www.macewan.ca/academics/academic-departments/physical-sciences/academics/physical-sciences-major/,
MacEwan,Physical Therapist Assistant and Occupational Therapist Assistant,Other,,https://www.macewan.ca/academics/programs/physical-therapist-assistant-and-occupational-therapist-assistant/admissions/requirements/index.html,
MacEwan,Police and Investigations - Investigative Studies,Other,,https://www.macewan.ca/academics/programs/police-investigations-investigative-studies/admissions/requirements/index.html,
MacEwan,Police and Investigations - Police Studies,Other,,https://www.macewan.ca/academics/programs/police-investigations-police-studies/admissions/requirements/index.html,
MacEwan,Political Science,Other,,https://www.macewan.ca/academics/academic-departments/anthropology-economics-political-science/academics/political-science-honours/,
MacEwan,Political Science,Other,,https://www.macewan.ca/academics/academic-departments/anthropology-economics-political-science/academics/political-science-major/,
MacEwan,Professional Communication,Other,,https://www.macewan.ca/academics/programs/bachelor-of-communication-studies/admissions/requirements/index.html,
MacEwan,Psychiatric Nursing,Other,,https://www.macewan.ca/academics/programs/bachelor-of-psychiatric-nursing/admissions/requirements/index.html,
MacEwan,Psychology,Other,,https://www.macewan.ca/academics/academic-departments/psychology/academics/psychology-honours/,
MacEwan,Psychology,Other,,https://www.macewan.ca/academics/academic-departments/psychology/academics/psychology-honours/,
MacEwan,Psychology,Other,,https://www.macewan.ca/academics/academic-departments/psychology/academics/psychology-major/,
MacEwan,Psychology,Other,,https://www.macewan.ca/academics/academic-departments/psychology/academics/psychology-major/,
MacEwan,Public Relations,Other,,https://www.macewan.ca/academics/programs/bachelor-of-communication-studies/admissions/requirements/index.html,
MacEwan,Recording and Production,Other,,https://www.macewan.ca/academics/programs/bachelor-of-music/admissions/requirements/index.html,
MacEwan,Social Work,Other,,https://www.macewan.ca/academics/programs/social-work/admissions/requirements/index.html,
MacEwan,Sociology,Other,,https://www.macewan.ca/academics/academic-departments/sociology/academics/sociology-honours/,
MacEwan,Sociology,Other,,https://www.macewan.ca/academics/academic-departments/sociology/academics/sociology-major/,
MacEwan,Speech Language Pathologist Assistant,Other,,https://www.macewan.ca/academics/programs/speech-language-pathologist-assistant/admissions/requirements/index.html,
MacEwan,Studio Arts,Other,,https://www.macewan.ca/academics/programs/bachelor-of-fine-arts/admissions/requirements/index.html,
MacEwan,Studio Arts,Other,,https://www.macewan.ca/academics/programs/bachelor-of-fine-arts/admissions/requirements/index.html,
MacEwan,Supply Chain Management,Other,,https://www.macewan.ca/academics/academic-departments/decision-sciences/academics/supply-chain-management-major/,
MacEwan,Theatre Production,Other,,https://www.macewan.ca/academics/programs/bachelor-of-fine-arts/admissions/requirements/index.html,
MacEwan,Theatre Production,Other,,https://www.macewan.ca/academics/programs/bachelor-of-fine-arts/admissions/requirements/index.html,
MacEwan,Travel and Tourism,Other,,https://www.macewan.ca/academics/programs/travel-and-tourism/admissions/requirements/index.html,
MacEwan,University Preparation,Other,,https://www.macewan.ca/academics/programs/university-preparation/,
