program_name,program_url,program_type,faculty,college,campus,language,seed_source,fetched_at_utc
Accounting,https://www.ualberta.ca/en/undergraduate-programs/bachelor-of-commerce-accounting.html,General / Major,Business,,North Campus (Edmonton),English,ualberta-coveo-ug-programs,2026-04-16T18:25:03Z
Adapted Physical Activity,https://www.ualberta.ca/en/undergraduate-programs/bachelor-of-kinesiology-adapted-physical-activity.html,General / Major,"Kinesiology, Sport, and Recreation",,North Campus (Edmonton),English,ualberta-coveo-ug-programs,2026-04-16T18:25:03Z
Agricultural and Resource Economics,https://www.ualberta.ca/en/undergraduate-programs/bachelor-of-science-in-agriculture-agricultural-and-resource-economics.html,General / Major,"Agricultural, Life and Environmental Sciences",,North Campus (Edmonton),English,ualberta-coveo-ug-programs,2026-04-16T18:25:03Z
Agricultural Business Management,https://www.ualberta.ca/en/undergraduate-programs/bachelor-of-science-in-agricultural-agricultural-business-management.html,General / Major,"Agricultural, Life and Environmental Sciences",,North Campus (Edmonton),English,ualberta-coveo-ug-programs,2026-04-16T18:25:03Z
Ancient and Medieval Studies,https://www.ualberta.ca/en/undergraduate-programs/bachelor-of-arts-ancient-and-medieval-studies.html,General / Major,Arts,,North Campus (Edmonton),English,ualberta-coveo-ug-programs,2026-04-16T18:25:03Z
Animal Science,https://www.ualberta.ca/en/undergraduate-programs/bachelor-of-science-in-agriculture-animal-science.html,General / Major,"Agricultural, Life and Environmental Sciences",,North Campus (Edmonton),English,ualberta-coveo-ug-programs,2026-04-16T18:25:03Z
Anthropology,https://www.ualberta.ca/en/undergraduate-programs/bachelor-of-arts-anthropology.html,General / Major,Arts,,North Campus (Edmonton),English,ualberta-coveo-ug-programs,2026-04-16T18:25:03Z
Applied Mathematics,https://www.ualberta.ca/en/undergraduate-programs/bachelor-of-science-with-major-applied-mathematics.html,General / Major,Science,,North Campus (Edmonton),English,ualberta-coveo-ug-programs,2026-04-16T18:25:03Z
Art,https://www.ualberta.ca/en/undergraduate-programs/bachelor-of-education-in-secondary-education-art.html,General / Major,Education,,North Campus (Edmonton),English,ualberta-coveo-ug-programs,2026-04-16T18:25:03Z
Art and Design,https://www.ualberta.ca/en/undergraduate-programs/bachelor-of-arts-art-and-design.html,General / Major,Arts,,North Campus (Edmonton),English,ualberta-coveo-ug-programs,2026-04-16T18:25:03Z
Art and Design,https://www.ualberta.ca/en/undergraduate-programs/bachelor-of-fine-arts-in-art-and-design-art-and-design.html,General / Major,Arts,,North Campus (Edmonton),English,ualberta-coveo-ug-programs,2026-04-16T18:25:03Z
Astrophysics,https://www.ualberta.ca/en/undergraduate-programs/bachelor-of-science-with-major-astrophysics.html,General / Major,Science,,North Campus (Edmonton),English,ualberta-coveo-ug-programs,2026-04-16T18:25:03Z
Bachelor of Music,https://www.ualberta.ca/en/undergraduate-programs/bachelor-of-music-performance-based-pedagogy.html,General / Major,Augustana,,Augustana (Camrose),English,ualberta-coveo-ug-programs,2026-04-16T18:25:03Z
Biochemistry,https://www.ualberta.ca/en/undergraduate-programs/bachelor-of-science-with-major-biochemistry.html,General / Major,Science,,North Campus (Edmonton),English,ualberta-coveo-ug-programs,2026-04-16T18:25:03Z
Biological Sciences,https://www.ualberta.ca/en/undergraduate-programs/bachelor-of-education-in-secondary-education-biological-sciences.html,General / Major,Education,,North Campus (Edmonton),English,ualberta-coveo-ug-programs,2026-04-16T18:25:03Z
Biological Sciences,https://www.ualberta.ca/en/undergraduate-programs/bachelor-of-science-with-major-biological-sciences.html,General / Major,Science,,North Campus (Edmonton),English,ualberta-coveo-ug-programs,2026-04-16T18:25:03Z
Bioprocessing + Biomanufacturing,https://www.ualberta.ca/en/undergraduate-programs/bachelor-of-science-in-chemical-engineering-bioprocessing-biomanufacturing.html,General / Major,Engineering,,North Campus (Edmonton),English,ualberta-coveo-ug-programs,2026-04-16T18:25:03Z
Business and Marketing Route,https://www.ualberta.ca/en/undergraduate-programs/bachelor-of-design-business-and-marketing-route.html,General / Major,Arts,,North Campus (Edmonton),English,ualberta-coveo-ug-programs,2026-04-16T18:25:03Z
Business Economics and Law,https://www.ualberta.ca/en/undergraduate-programs/bachelor-of-commerce-business-economics-and-law.html,General / Major,Business,,North Campus (Edmonton),English,ualberta-coveo-ug-programs,2026-04-16T18:25:03Z
Business Minor,https://www.ualberta.ca/en/undergraduate-programs/bachelor-of-science-business-minor.html,General / Major,Science,,North Campus (Edmonton),English,ualberta-coveo-ug-programs,2026-04-16T18:25:03Z
Business Studies,https://www.ualberta.ca/en/undergraduate-programs/bachelor-of-commerce-business-studies.html,General / Major,Business,,North Campus (Edmonton),English,ualberta-coveo-ug-programs,2026-04-16T18:25:03Z
Business Technology Management,https://www.ualberta.ca/en/undergraduate-programs/bachelor-of-commerce-business-technology-management.html,General / Major,Business,,North Campus (Edmonton),English,ualberta-coveo-ug-programs,2026-04-16T18:25:03Z
Business Technology Management,https://www.ualberta.ca/en/undergraduate-programs/bilingual-bachelor-of-commerce-business-technology-management.html,General / Major,Faculté Saint-Jean,,Campus Saint-Jean (Edmonton),French,ualberta-coveo-ug-programs,2026-04-16T18:25:03Z
Career and Technology Studies: Communication Arts,https://www.ualberta.ca/en/undergraduate-programs/bachelor-of-education-in-secondary-education-career-and-technology-studies-communication-arts.html,General / Major,Education,,North Campus (Edmonton),English,ualberta-coveo-ug-programs,2026-04-16T18:25:03Z
Career and Technology Studies: Computer Science,https://www.ualberta.ca/en/undergraduate-programs/bachelor-of-education-in-secondary-education-career-and-technology-studies-computer-science.html,General / Major,Education,,North Campus (Edmonton),English,ualberta-coveo-ug-programs,2026-04-16T18:25:03Z
Career and Technology Studies: Design,https://www.ualberta.ca/en/undergraduate-programs/bachelor-of-education-in-secondary-education-career-and-technology-studies-design.html,General / Major,Education,,North Campus (Edmonton),English,ualberta-coveo-ug-programs,2026-04-16T18:25:03Z
Career and Technology Studies: Health,https://www.ualberta.ca/en/undergraduate-programs/bachelor-of-education-in-secondary-education-career-and-technology-studies-health.html,General / Major,Education,,North Campus (Edmonton),English,ualberta-coveo-ug-programs,2026-04-16T18:25:03Z
Career and Technology Studies: Human Sciences,https://www.ualberta.ca/en/undergraduate-programs/bachelor-of-education-in-secondary-education-career-and-technology-studies-human-sciences.html,General / Major,Education,,North Campus (Edmonton),English,ualberta-coveo-ug-programs,2026-04-16T18:25:03Z
Career and Technology Studies: Media,https://www.ualberta.ca/en/undergraduate-programs/bachelor-of-education-in-secondary-education-career-and-technology-studies-media.html,General / Major,Education,,North Campus (Edmonton),English,ualberta-coveo-ug-programs,2026-04-16T18:25:03Z
Career and Technology Studies: Natural Resources,https://www.ualberta.ca/en/undergraduate-programs/bachelor-of-education-in-secondary-education-career-and-technology-studies-natural-resources.html,General / Major,Education,,North Campus (Edmonton),English,ualberta-coveo-ug-programs,2026-04-16T18:25:03Z
Career and Technology Studies: Recreation,https://www.ualberta.ca/en/undergraduate-programs/bachelor-of-education-in-secondary-education-career-and-technology-studies-recreation.html,General / Major,Education,,North Campus (Edmonton),English,ualberta-coveo-ug-programs,2026-04-16T18:25:03Z
"Career and Technology Studies: Trades, Manufacturing, and Transportation",https://www.ualberta.ca/en/undergraduate-programs/bachelor-of-education-in-secondary-education-career-and-technology-studies-trades-manufacturing-and-transportation.html,General / Major,Education,,North Campus (Edmonton),English,ualberta-coveo-ug-programs,2026-04-16T18:25:03Z
Cell Biology,https://www.ualberta.ca/en/undergraduate-programs/bachelor-of-science-with-major-cell-biology.html,General / Major,Science,,North Campus (Edmonton),English,ualberta-coveo-ug-programs,2026-04-16T18:25:03Z
Chemical and Physical Sciences,https://www.ualberta.ca/en/undergraduate-programs/bachelor-of-science-chemical-and-physical-sciences.html,General / Major,Augustana,,Augustana (Camrose),English,ualberta-coveo-ug-programs,2026-04-16T18:25:03Z
Chemical Engineering,https://www.ualberta.ca/en/undergraduate-programs/bachelor-of-science-in-chemical-engineering-chemical-engineering.html,General / Major,Engineering,,North Campus (Edmonton),English,ualberta-coveo-ug-programs,2026-04-16T18:25:03Z
Chemical Engineering - Computer Process Control,https://www.ualberta.ca/en/undergraduate-programs/bachelor-of-science-in-chemical-engineering-computer-process-control-chemical-engineering-computer-process-control.html,General / Major,Engineering,,North Campus (Edmonton),English,ualberta-coveo-ug-programs,2026-04-16T18:25:03Z
Chemistry,https://www.ualberta.ca/en/undergraduate-programs/bachelor-of-education-in-secondary-education-chemistry.html,General / Major,Education,,North Campus (Edmonton),English,ualberta-coveo-ug-programs,2026-04-16T18:25:03Z
Chemistry,https://www.ualberta.ca/en/undergraduate-programs/bachelor-of-science-with-major-chemistry.html,General / Major,Science,,North Campus (Edmonton),English,ualberta-coveo-ug-programs,2026-04-16T18:25:03Z
Chimie,https://www.ualberta.ca/en/undergraduate-programs/baccalaureat-es-sciences-chimie.html,General / Major,Faculté Saint-Jean,,Campus Saint-Jean (Edmonton),French,ualberta-coveo-ug-programs,2026-04-16T18:25:03Z
Civil Engineering,https://www.ualberta.ca/en/undergraduate-programs/bachelor-of-science-in-civil-engineering-civil-engineering.html,General / Major,Engineering,,North Campus (Edmonton),English,ualberta-coveo-ug-programs,2026-04-16T18:25:03Z
Classics,https://www.ualberta.ca/en/undergraduate-programs/bachelor-of-arts-classics.html,General / Major,Arts,,North Campus (Edmonton),English,ualberta-coveo-ug-programs,2026-04-16T18:25:03Z
Clean Energy + Sustainable Process Systems,https://www.ualberta.ca/en/undergraduate-programs/bachelor-of-science-in-chemical-engineering-clean-energy-and-sustainable-process-systems.html,General / Major,Engineering,,North Campus (Edmonton),English,ualberta-coveo-ug-programs,2026-04-16T18:25:03Z
"Clothing, Textiles and Material Culture",https://www.ualberta.ca/en/undergraduate-programs/bachelor-of-science-in-human-ecology-clothing-textiles-and-material-culture.html,General / Major,"Agricultural, Life and Environmental Sciences",,North Campus (Edmonton),English,ualberta-coveo-ug-programs,2026-04-16T18:25:03Z
Commerce International,https://www.ualberta.ca/en/undergraduate-programs/bilingual-bachelor-of-commerce-affaires-internationales.html,General / Major,Faculté Saint-Jean,,Campus Saint-Jean (Edmonton),French,ualberta-coveo-ug-programs,2026-04-16T18:25:03Z
Companion and Performance Animals,https://www.ualberta.ca/en/undergraduate-programs/bachelor-of-science-in-animal-health-companion-and-performance-animals.html,General / Major,"Agricultural, Life and Environmental Sciences",,North Campus (Edmonton),English,ualberta-coveo-ug-programs,2026-04-16T18:25:03Z
Composition + Sonic Arts,https://www.ualberta.ca/en/undergraduate-programs/bachelor-of-music-composition-and-sonic-arts.html,General / Major,Arts,,North Campus (Edmonton),English,ualberta-coveo-ug-programs,2026-04-16T18:25:03Z
Comptabilite,https://www.ualberta.ca/en/undergraduate-programs/bilingual-bachelor-of-commerce-comptabilite.html,General / Major,Faculté Saint-Jean,,Campus Saint-Jean (Edmonton),French,ualberta-coveo-ug-programs,2026-04-16T18:25:03Z
Computer Engineering,https://www.ualberta.ca/en/undergraduate-programs/bachelor-of-science-in-computer-engineering-computer-engineering.html,General / Major,Engineering,,North Campus (Edmonton),English,ualberta-coveo-ug-programs,2026-04-16T18:25:03Z
Computing Science,https://www.ualberta.ca/en/undergraduate-programs/bachelor-of-science-with-major-computing-science.html,General / Major,Science,,North Campus (Edmonton),English,ualberta-coveo-ug-programs,2026-04-16T18:25:03Z
Computing Science - Artificial Intelligence Option,https://www.ualberta.ca/en/undergraduate-programs/bachelor-of-science-with-major-computing-science-artificial-intelligence-option.html,General / Major,Science,,North Campus (Edmonton),English,ualberta-coveo-ug-programs,2026-04-16T18:25:03Z
Computing Science - Software Practice Option,https://www.ualberta.ca/en/undergraduate-programs/bachelor-of-science-with-major-computing-science-software-practice-option.html,General / Major,Science,,North Campus (Edmonton),English,ualberta-coveo-ug-programs,2026-04-16T18:25:03Z
Computing Science and Mathematics,https://www.ualberta.ca/en/undergraduate-programs/bachelor-of-science-computing-science-and-mathematics.html,General / Major,Augustana,,Augustana (Camrose),English,ualberta-coveo-ug-programs,2026-04-16T18:25:03Z
Conservation Biology,https://www.ualberta.ca/en/undergraduate-programs/bachelor-of-science-in-environmental-and-conservation-sciences-conservation-biology.html,General / Major,"Agricultural, Life and Environmental Sciences",,North Campus (Edmonton),English,ualberta-coveo-ug-programs,2026-04-16T18:25:03Z
Creativity and Culture (Interdisciplinary),https://www.ualberta.ca/en/undergraduate-programs/bachelor-of-arts-creativity-and-culture-interdisciplinary.html,General / Major,Augustana,,Augustana (Camrose),English,ualberta-coveo-ug-programs,2026-04-16T18:25:03Z
Criminology,https://www.ualberta.ca/en/undergraduate-programs/bachelor-of-arts-in-criminology-criminology.html,General / Major,Arts,,North Campus (Edmonton),English,ualberta-coveo-ug-programs,2026-04-16T18:25:03Z
Crop Science,https://www.ualberta.ca/en/undergraduate-programs/bachelor-of-science-in-agriculture-crop-science.html,General / Major,"Agricultural, Life and Environmental Sciences",,North Campus (Edmonton),English,ualberta-coveo-ug-programs,2026-04-16T18:25:03Z
Degré de Généraliste,https://www.ualberta.ca/en/undergraduate-programs/baccalaureat-en-education-elementaire-degre-de-generaliste.html,General / Major,Faculté Saint-Jean,,Campus Saint-Jean (Edmonton),French,ualberta-coveo-ug-programs,2026-04-16T18:25:03Z
Dental Surgery,https://www.ualberta.ca/en/undergraduate-programs/doctor-of-dental-surgery-dental-surgery.html,General / Major,Medicine and Dentistry,,North Campus (Edmonton),English,ualberta-coveo-ug-programs,2026-04-16T18:25:03Z
Drama,https://www.ualberta.ca/en/undergraduate-programs/bachelor-of-arts-drama-drama.html,General / Major,Arts,,North Campus (Edmonton),English,ualberta-coveo-ug-programs,2026-04-16T18:25:03Z
Drama,https://www.ualberta.ca/en/undergraduate-programs/bachelor-of-arts-drama.html,General / Major,Arts,,North Campus (Edmonton),English,ualberta-coveo-ug-programs,2026-04-16T18:25:03Z
Drama,https://www.ualberta.ca/en/undergraduate-programs/bachelor-of-education-in-secondary-education-drama.html,General / Major,Education,,North Campus (Edmonton),English,ualberta-coveo-ug-programs,2026-04-16T18:25:03Z
Drama - Acting,https://www.ualberta.ca/en/undergraduate-programs/bachelor-of-fine-arts-in-drama-acting-drama-acting.html,General / Major,Arts,,North Campus (Edmonton),English,ualberta-coveo-ug-programs,2026-04-16T18:25:03Z
Earth Sciences,https://www.ualberta.ca/en/undergraduate-programs/bachelor-of-science-with-major-earth-sciences.html,General / Major,Science,,North Campus (Edmonton),English,ualberta-coveo-ug-programs,2026-04-16T18:25:03Z
East Asian Studies,https://www.ualberta.ca/en/undergraduate-programs/bachelor-of-arts-east-asian-studies.html,General / Major,Arts,,North Campus (Edmonton),English,ualberta-coveo-ug-programs,2026-04-16T18:25:03Z
"Ecology, Evolution and Environmental Biology",https://www.ualberta.ca/en/undergraduate-programs/bachelor-of-science-with-major-ecology-evolution-and-environmental-biology.html,General / Major,Science,,North Campus (Edmonton),English,ualberta-coveo-ug-programs,2026-04-16T18:25:03Z
Economics,https://www.ualberta.ca/en/undergraduate-programs/bachelor-of-arts-economics.html,General / Major,Arts,,North Campus (Edmonton),English,ualberta-coveo-ug-programs,2026-04-16T18:25:03Z
Education - Kinesiology - Elementary,https://www.ualberta.ca/en/undergraduate-programs/bachelor-of-kinesiology-education-kinesiology-elementary.html,General / Major,"Kinesiology, Sport, and Recreation",,North Campus (Edmonton),English,ualberta-coveo-ug-programs,2026-04-16T18:25:03Z
Education - Kinesiology - Secondary,https://www.ualberta.ca/en/undergraduate-programs/bachelor-of-kinesiology-education-kinesiology-secondary.html,General / Major,"Kinesiology, Sport, and Recreation",,North Campus (Edmonton),English,ualberta-coveo-ug-programs,2026-04-16T18:25:03Z
Education - Music - Elementary,https://www.ualberta.ca/en/undergraduate-programs/bachelor-of-music-education-music-elementary.html,General / Major,Arts,,North Campus (Edmonton),English,ualberta-coveo-ug-programs,2026-04-16T18:25:03Z
Education - Music - Secondary,https://www.ualberta.ca/en/undergraduate-programs/bachelor-of-music-education-music-secondary.html,General / Major,Arts,,North Campus (Edmonton),English,ualberta-coveo-ug-programs,2026-04-16T18:25:03Z
Electrical Engineering,https://www.ualberta.ca/en/undergraduate-programs/bachelor-of-science-in-electrical-engineering-electrical-engineering.html,General / Major,Engineering,,North Campus (Edmonton),English,ualberta-coveo-ug-programs,2026-04-16T18:25:03Z
Elementary Education,https://www.ualberta.ca/en/undergraduate-programs/bachelor-of-education-in-elementary-education-combined-degree.html,General / Major,Augustana,,Augustana (Camrose),English,ualberta-coveo-ug-programs,2026-04-16T18:25:03Z
Elementary Education - Native Studies,https://www.ualberta.ca/en/undergraduate-programs/bachelor-of-arts-in-native-studies-elementary-education-native-studies.html,General / Major,Native Studies,,North Campus (Edmonton),English,ualberta-coveo-ug-programs,2026-04-16T18:25:03Z
Engineering Physics,https://www.ualberta.ca/en/undergraduate-programs/bachelor-of-science-in-engineering-physics-engineering-physics.html,General / Major,Engineering,,North Campus (Edmonton),English,ualberta-coveo-ug-programs,2026-04-16T18:25:03Z
Engineering Route,https://www.ualberta.ca/en/undergraduate-programs/bachelor-of-design-engineering-route.html,General / Major,Arts,,North Campus (Edmonton),English,ualberta-coveo-ug-programs,2026-04-16T18:25:03Z
English,https://www.ualberta.ca/en/undergraduate-programs/bachelor-of-arts-english.html,General / Major,Arts,,North Campus (Edmonton),English,ualberta-coveo-ug-programs,2026-04-16T18:25:03Z
English Language Arts,https://www.ualberta.ca/en/undergraduate-programs/bachelor-of-education-in-secondary-education-english-language-arts.html,General / Major,Education,,North Campus (Edmonton),English,ualberta-coveo-ug-programs,2026-04-16T18:25:03Z
Entrepreneuriat et innovation,https://www.ualberta.ca/en/undergraduate-programs/bilingual-bachelor-of-commerce-entrepreneuriat-et-entreprise-familiale.html,General / Major,Faculté Saint-Jean,,Campus Saint-Jean (Edmonton),French,ualberta-coveo-ug-programs,2026-04-16T18:25:03Z
Entrepreneurship and Innovation,https://www.ualberta.ca/en/undergraduate-programs/bachelor-of-commerce-entrepreneurship-and-innovation.html,General / Major,Business,,North Campus (Edmonton),English,ualberta-coveo-ug-programs,2026-04-16T18:25:03Z
Environmental Earth Sciences,https://www.ualberta.ca/en/undergraduate-programs/bachelor-of-science-with-major-environmental-earth-sciences.html,General / Major,Science,,North Campus (Edmonton),English,ualberta-coveo-ug-programs,2026-04-16T18:25:03Z
Environmental Economics and Policy,https://www.ualberta.ca/en/undergraduate-programs/bachelor-of-science-in-environmental-and-conservation-sciences-environmental-economics-and-policy.html,General / Major,"Agricultural, Life and Environmental Sciences",,North Campus (Edmonton),English,ualberta-coveo-ug-programs,2026-04-16T18:25:03Z
Environmental Engineering,https://www.ualberta.ca/en/undergraduate-programs/bachelor-of-science-in-civil-engineering-environmental-engineering-environmental-engineering.html,General / Major,Engineering,,North Campus (Edmonton),English,ualberta-coveo-ug-programs,2026-04-16T18:25:03Z
Environmental Science,https://www.ualberta.ca/en/undergraduate-programs/bachelor-of-science-environmental-science.html,General / Major,Augustana,,Augustana (Camrose),English,ualberta-coveo-ug-programs,2026-04-16T18:25:03Z
Environmental Studies,https://www.ualberta.ca/en/undergraduate-programs/bachelor-of-arts-in-environmental-studies-environmental-studies-ales.html,General / Major,"Agricultural, Life and Environmental Sciences",,North Campus (Edmonton),English,ualberta-coveo-ug-programs,2026-04-16T18:25:03Z
Environmental Studies,https://www.ualberta.ca/en/undergraduate-programs/bachelor-of-arts-in-environmental-studies-environmental-studies-arts.html,General / Major,Arts,,North Campus (Edmonton),English,ualberta-coveo-ug-programs,2026-04-16T18:25:03Z
Ethics and Global Studies (Interdisciplinary),https://www.ualberta.ca/en/undergraduate-programs/bachelor-of-arts-ethics-and-global-studies-interdisciplinary.html,General / Major,Augustana,,Augustana (Camrose),English,ualberta-coveo-ug-programs,2026-04-16T18:25:03Z
Family Science,https://www.ualberta.ca/en/undergraduate-programs/bachelor-of-science-in-human-ecology-family-science.html,General / Major,"Agricultural, Life and Environmental Sciences",,North Campus (Edmonton),English,ualberta-coveo-ug-programs,2026-04-16T18:25:03Z
Fashion Business Management,https://www.ualberta.ca/en/undergraduate-programs/bachelor-of-science-in-fashion-business-management-fashion-business-management.html,General / Major,"Agricultural, Life and Environmental Sciences",,North Campus (Edmonton),English,ualberta-coveo-ug-programs,2026-04-16T18:25:03Z
Film Studies,https://www.ualberta.ca/en/undergraduate-programs/bachelor-of-arts-film-studies.html,General / Major,Arts,,North Campus (Edmonton),English,ualberta-coveo-ug-programs,2026-04-16T18:25:03Z
Finance,https://www.ualberta.ca/en/undergraduate-programs/bachelor-of-commerce-finance.html,General / Major,Business,,North Campus (Edmonton),English,ualberta-coveo-ug-programs,2026-04-16T18:25:03Z
Finance,https://www.ualberta.ca/en/undergraduate-programs/bilingual-bachelor-of-commerce-finance.html,General / Major,Faculté Saint-Jean,,Campus Saint-Jean (Edmonton),French,ualberta-coveo-ug-programs,2026-04-16T18:25:03Z
Food Animals,https://www.ualberta.ca/en/undergraduate-programs/bachelor-of-science-in-animal-health-food-animals.html,General / Major,"Agricultural, Life and Environmental Sciences",,North Campus (Edmonton),English,ualberta-coveo-ug-programs,2026-04-16T18:25:03Z
Food Business Management,https://www.ualberta.ca/en/undergraduate-programs/bachelor-of-science-in-agricultural-food-business-management.html,General / Major,"Agricultural, Life and Environmental Sciences",,North Campus (Edmonton),English,ualberta-coveo-ug-programs,2026-04-16T18:25:03Z
Forest Business Management,https://www.ualberta.ca/en/undergraduate-programs/bachelor-of-science-in-forest-business-management-forest-business-management.html,General / Major,"Agricultural, Life and Environmental Sciences",,North Campus (Edmonton),English,ualberta-coveo-ug-programs,2026-04-16T18:25:03Z
Forestry,https://www.ualberta.ca/en/undergraduate-programs/bachelor-of-science-in-forestry-forestry.html,General / Major,"Agricultural, Life and Environmental Sciences",,North Campus (Edmonton),English,ualberta-coveo-ug-programs,2026-04-16T18:25:03Z
Foundational/Qualifying Year,https://www.ualberta.ca/en/undergraduate-programs/bachelor-of-science-in-engineering-qualifying-year.html,General / Major,Engineering,,North Campus (Edmonton),English,ualberta-coveo-ug-programs,2026-04-16T18:25:03Z
Français,https://www.ualberta.ca/en/undergraduate-programs/baccalaureat-en-education-secondaire-francais.html,General / Major,Faculté Saint-Jean,,Campus Saint-Jean (Edmonton),French,ualberta-coveo-ug-programs,2026-04-16T18:25:03Z
Français-langue et littérature,https://www.ualberta.ca/en/undergraduate-programs/baccalaureat-es-arts-avec-specialisation-francais-langue-et-litterature.html,General / Major,Faculté Saint-Jean,,Campus Saint-Jean (Edmonton),French,ualberta-coveo-ug-programs,2026-04-16T18:25:03Z
Français-littérature,https://www.ualberta.ca/en/undergraduate-programs/baccalaureat-es-arts-francais-litterature.html,General / Major,Faculté Saint-Jean,,Campus Saint-Jean (Edmonton),French,ualberta-coveo-ug-programs,2026-04-16T18:25:03Z
Française-langue,https://www.ualberta.ca/en/undergraduate-programs/baccalaureat-es-arts-francaise-langue.html,General / Major,Faculté Saint-Jean,,Campus Saint-Jean (Edmonton),French,ualberta-coveo-ug-programs,2026-04-16T18:25:03Z
General Arts/Secondary Education,https://www.ualberta.ca/en/undergraduate-programs/bachelor-of-arts-and-education-general-arts-secondary-education.html,General / Major,Augustana,,Augustana (Camrose),English,ualberta-coveo-ug-programs,2026-04-16T18:25:03Z
General Program,https://www.ualberta.ca/en/undergraduate-programs/bachelor-of-science-in-nutrition-and-food-science-general-program.html,General / Major,"Agricultural, Life and Environmental Sciences",,North Campus (Edmonton),English,ualberta-coveo-ug-programs,2026-04-16T18:25:03Z
General Route,https://www.ualberta.ca/en/undergraduate-programs/bachelor-of-design-general-route.html,General / Major,Arts,,North Campus (Edmonton),English,ualberta-coveo-ug-programs,2026-04-16T18:25:03Z
General Route,https://www.ualberta.ca/en/undergraduate-programs/bachelor-of-music-general-route.html,General / Major,Arts,,North Campus (Edmonton),English,ualberta-coveo-ug-programs,2026-04-16T18:25:03Z
General Science,https://www.ualberta.ca/en/undergraduate-programs/bachelor-of-education-in-secondary-education-general-science.html,General / Major,Education,,North Campus (Edmonton),English,ualberta-coveo-ug-programs,2026-04-16T18:25:03Z
General Sciences/Secondary Education,https://www.ualberta.ca/en/undergraduate-programs/bachelor-of-science-general-sciences.html,General / Major,Augustana,,Augustana (Camrose),English,ualberta-coveo-ug-programs,2026-04-16T18:25:03Z
Generalist Degree,https://www.ualberta.ca/en/undergraduate-programs/bachelor-of-education-in-elementary-education-generalist-degree.html,General / Major,Education,,North Campus (Edmonton),English,ualberta-coveo-ug-programs,2026-04-16T18:25:03Z
Geology,https://www.ualberta.ca/en/undergraduate-programs/bachelor-of-science-with-major-geology.html,General / Major,Science,,North Campus (Edmonton),English,ualberta-coveo-ug-programs,2026-04-16T18:25:03Z
Geophysics,https://www.ualberta.ca/en/undergraduate-programs/bachelor-of-science-with-major-geophysics.html,General / Major,Science,,North Campus (Edmonton),English,ualberta-coveo-ug-programs,2026-04-16T18:25:03Z
Gestion des operations,https://www.ualberta.ca/en/undergraduate-programs/bilingual-bachelor-of-commerce-gestion-des-operations.html,General / Major,Faculté Saint-Jean,,Campus Saint-Jean (Edmonton),French,ualberta-coveo-ug-programs,2026-04-16T18:25:03Z
Gestion des ressources humaines,https://www.ualberta.ca/en/undergraduate-programs/bilingual-bachelor-of-commerce-gestion-des-ressources-humaines.html,General / Major,Faculté Saint-Jean,,Campus Saint-Jean (Edmonton),French,ualberta-coveo-ug-programs,2026-04-16T18:25:03Z
Gestion Stratégique et Organisation,https://www.ualberta.ca/en/undergraduate-programs/bilingual-bachelor-of-commerce-gestion-strategique-et-organisation.html,General / Major,Faculté Saint-Jean,,Campus Saint-Jean (Edmonton),French,ualberta-coveo-ug-programs,2026-04-16T18:25:03Z
Génie (première année),https://www.ualberta.ca/en/undergraduate-programs/baccalaureat-es-sciences-en-genie.html,General / Major,Engineering,,Campus Saint-Jean (Edmonton),French,ualberta-coveo-ug-programs,2026-04-16T18:25:03Z
Histoire,https://www.ualberta.ca/en/undergraduate-programs/baccalaureat-es-arts-histoire.html,General / Major,Faculté Saint-Jean,,Campus Saint-Jean (Edmonton),French,ualberta-coveo-ug-programs,2026-04-16T18:25:03Z
History,https://www.ualberta.ca/en/undergraduate-programs/bachelor-of-arts-history.html,General / Major,Arts,,North Campus (Edmonton),English,ualberta-coveo-ug-programs,2026-04-16T18:25:03Z
"History of Art, Design and Visual Culture",https://www.ualberta.ca/en/undergraduate-programs/bachelor-of-arts-history-of-art-design-and-visual-culture.html,General / Major,Arts,,North Campus (Edmonton),English,ualberta-coveo-ug-programs,2026-04-16T18:25:03Z
Human Dimensions of Environmental Management,https://www.ualberta.ca/en/undergraduate-programs/bachelor-of-science-in-environmental-and-conservation-sciences-human-dimensions-of-environmental-management.html,General / Major,"Agricultural, Life and Environmental Sciences",,North Campus (Edmonton),English,ualberta-coveo-ug-programs,2026-04-16T18:25:03Z
Human Dimensions of Environmental Management,https://www.ualberta.ca/en/undergraduate-programs/bachelor-of-science-in-environmental-and-conservation-sciences-human-dimensions-of-environmental-management1.html,General / Major,"Agricultural, Life and Environmental Sciences",,North Campus (Edmonton),English,ualberta-coveo-ug-programs,2026-04-16T18:25:03Z
Human Geography,https://www.ualberta.ca/en/undergraduate-programs/bachelor-of-arts-human-geography.html,General / Major,Arts,,North Campus (Edmonton),English,ualberta-coveo-ug-programs,2026-04-16T18:25:03Z
Human Resources Management,https://www.ualberta.ca/en/undergraduate-programs/bachelor-of-commerce-human-resources-management.html,General / Major,Business,,North Campus (Edmonton),English,ualberta-coveo-ug-programs,2026-04-16T18:25:03Z
Immunology and Infection,https://www.ualberta.ca/en/undergraduate-programs/bachelor-of-science-with-major-immunology-and-infection.html,General / Major,Science,,North Campus (Edmonton),English,ualberta-coveo-ug-programs,2026-04-16T18:25:03Z
Indigenous Governance and Partnership,https://www.ualberta.ca/en/undergraduate-programs/certificate-in-indigenous-governance-and-partnership-indigenous-governance-and-partnership.html,General / Major,Native Studies,,North Campus (Edmonton),English,ualberta-coveo-ug-programs,2026-04-16T18:25:03Z
Integrative Biology,https://www.ualberta.ca/en/undergraduate-programs/bachelor-of-science-integrative-biology.html,General / Major,Augustana,,Augustana (Camrose),English,ualberta-coveo-ug-programs,2026-04-16T18:25:03Z
Integrative Physiology,https://www.ualberta.ca/en/undergraduate-programs/bachelor-of-science-with-major-integrative-physiology.html,General / Major,Science,,North Campus (Edmonton),English,ualberta-coveo-ug-programs,2026-04-16T18:25:03Z
International Business,https://www.ualberta.ca/en/undergraduate-programs/bachelor-of-commerce-international-business.html,General / Major,Business,,North Campus (Edmonton),English,ualberta-coveo-ug-programs,2026-04-16T18:25:03Z
Kinesiology,https://www.ualberta.ca/en/undergraduate-programs/bachelor-of-science-in-kinesiology-kinesiology.html,General / Major,"Kinesiology, Sport, and Recreation",,North Campus (Edmonton),English,ualberta-coveo-ug-programs,2026-04-16T18:25:03Z
Land Reclamation,https://www.ualberta.ca/en/undergraduate-programs/bachelor-of-science-in-environmental-and-conservation-sciences-land-reclamation.html,General / Major,"Agricultural, Life and Environmental Sciences",,North Campus (Edmonton),English,ualberta-coveo-ug-programs,2026-04-16T18:25:03Z
Law,https://www.ualberta.ca/en/undergraduate-programs/juris-doctor-law.html,General / Major,Law,,North Campus (Edmonton),English,ualberta-coveo-ug-programs,2026-04-16T18:25:03Z
"Law, Crime and Justice Studies (Interdisciplinary)",https://www.ualberta.ca/en/undergraduate-programs/bachelor-of-arts-law-crime-and-justice-studies-interdisciplinary.html,General / Major,Augustana,,Augustana (Camrose),English,ualberta-coveo-ug-programs,2026-04-16T18:25:03Z
Linguistics,https://www.ualberta.ca/en/undergraduate-programs/bachelor-of-arts-linguistics.html,General / Major,Arts,,North Campus (Edmonton),English,ualberta-coveo-ug-programs,2026-04-16T18:25:03Z
Management and Business Economics,https://www.ualberta.ca/en/undergraduate-programs/bachelor-of-management-management.html,General / Major,Augustana,,Augustana (Camrose),English,ualberta-coveo-ug-programs,2026-04-16T18:25:03Z
Marketing,https://www.ualberta.ca/en/undergraduate-programs/bachelor-of-commerce-marketing.html,General / Major,Business,,North Campus (Edmonton),English,ualberta-coveo-ug-programs,2026-04-16T18:25:03Z
Materials Engineering,https://www.ualberta.ca/en/undergraduate-programs/bachelor-of-science-in-materials-engineering-materials-engineering.html,General / Major,Engineering,,North Campus (Edmonton),English,ualberta-coveo-ug-programs,2026-04-16T18:25:03Z
Mathematical Physics,https://www.ualberta.ca/en/undergraduate-programs/bachelor-of-science-with-major-mathematics-physics.html,General / Major,Science,,North Campus (Edmonton),English,ualberta-coveo-ug-programs,2026-04-16T18:25:03Z
Mathematics,https://www.ualberta.ca/en/undergraduate-programs/bachelor-of-arts-mathematics.html,General / Major,Arts,,North Campus (Edmonton),English,ualberta-coveo-ug-programs,2026-04-16T18:25:03Z
Mathematics,https://www.ualberta.ca/en/undergraduate-programs/bachelor-of-education-in-secondary-education-mathematics.html,General / Major,Education,,North Campus (Edmonton),English,ualberta-coveo-ug-programs,2026-04-16T18:25:03Z
Mathematics,https://www.ualberta.ca/en/undergraduate-programs/bachelor-of-science-with-major-mathematics.html,General / Major,Science,,North Campus (Edmonton),English,ualberta-coveo-ug-programs,2026-04-16T18:25:03Z
Mathematics and Economics,https://www.ualberta.ca/en/undergraduate-programs/bachelor-of-science-with-major-mathematics-and-economics.html,General / Major,Science,,North Campus (Edmonton),English,ualberta-coveo-ug-programs,2026-04-16T18:25:03Z
Mathematics and Finance,https://www.ualberta.ca/en/undergraduate-programs/bachelor-of-science-with-major-mathematics-and-finance.html,General / Major,Science,,North Campus (Edmonton),English,ualberta-coveo-ug-programs,2026-04-16T18:25:03Z
Mathématique,https://www.ualberta.ca/en/undergraduate-programs/baccalaureat-en-education-secondaire-mathematique.html,General / Major,Faculté Saint-Jean,,Campus Saint-Jean (Edmonton),French,ualberta-coveo-ug-programs,2026-04-16T18:25:03Z
Mathématique,https://www.ualberta.ca/en/undergraduate-programs/baccalaureat-es-sciences-mathematique.html,General / Major,Faculté Saint-Jean,,Campus Saint-Jean (Edmonton),French,ualberta-coveo-ug-programs,2026-04-16T18:25:03Z
Mechanical Engineering,https://www.ualberta.ca/en/undergraduate-programs/bachelor-of-science-in-mechanical-engineering-mechanical-engineering.html,General / Major,Engineering,,North Campus (Edmonton),English,ualberta-coveo-ug-programs,2026-04-16T18:25:03Z
Media Studies,https://www.ualberta.ca/en/undergraduate-programs/bachelor-of-arts-media-studies.html,General / Major,Arts,,North Campus (Edmonton),English,ualberta-coveo-ug-programs,2026-04-16T18:25:03Z
Medical Laboratory Science,https://www.ualberta.ca/en/undergraduate-programs/bachelor-science-medical-laboratory-science-post-professional.html,General / Major,Medicine and Dentistry,,North Campus (Edmonton),English,ualberta-coveo-ug-programs,2026-04-16T18:25:03Z
Medical Laboratory Science,https://www.ualberta.ca/en/undergraduate-programs/bachelor-science-medical-laboratory-science.html,General / Major,Medicine and Dentistry,,North Campus (Edmonton),English,ualberta-coveo-ug-programs,2026-04-16T18:25:03Z
Medicine,https://www.ualberta.ca/en/undergraduate-programs/doctor-of-medicine-medicine.html,General / Major,Medicine and Dentistry,,North Campus (Edmonton),English,ualberta-coveo-ug-programs,2026-04-16T18:25:03Z
Mining Engineering,https://www.ualberta.ca/en/undergraduate-programs/bachelor-of-science-in-mining-engineering-mining-engineering.html,General / Major,Engineering,,North Campus (Edmonton),English,ualberta-coveo-ug-programs,2026-04-16T18:25:03Z
Modern Languages and Cultural Studies,https://www.ualberta.ca/en/undergraduate-programs/bachelor-of-arts-modern-languages-and-cultural-studies.html,General / Major,Arts,,North Campus (Edmonton),English,ualberta-coveo-ug-programs,2026-04-16T18:25:03Z
"Molecular, Cellular and Developmental Biology",https://www.ualberta.ca/en/undergraduate-programs/bachelor-of-science-with-major-molecular-cellular-and-developmental-biology.html,General / Major,Science,,North Campus (Edmonton),English,ualberta-coveo-ug-programs,2026-04-16T18:25:03Z
Music,https://www.ualberta.ca/en/undergraduate-programs/bachelor-of-arts-music.html,General / Major,Arts,,North Campus (Edmonton),English,ualberta-coveo-ug-programs,2026-04-16T18:25:03Z
Music: Wind Band,https://www.ualberta.ca/en/undergraduate-programs/bachelor-of-education-in-secondary-education-music.html,General / Major,Education,,North Campus (Edmonton),English,ualberta-coveo-ug-programs,2026-04-16T18:25:03Z
Musique,https://www.ualberta.ca/en/undergraduate-programs/baccalaureat-en-education-secondaire-musique.html,General / Major,Faculté Saint-Jean,,Campus Saint-Jean (Edmonton),French,ualberta-coveo-ug-programs,2026-04-16T18:25:03Z
Nanoengineering,https://www.ualberta.ca/en/undergraduate-programs/bachelor-of-science-in-electrical-engineering-nanoengineering-option-nanoengineering.html,General / Major,Engineering,,North Campus (Edmonton),English,ualberta-coveo-ug-programs,2026-04-16T18:25:03Z
Nanoengineering,https://www.ualberta.ca/en/undergraduate-programs/bachelor-of-science-in-engineering-physics-nanoengineering-option-nanoengineering.html,General / Major,Engineering,,North Campus (Edmonton),English,ualberta-coveo-ug-programs,2026-04-16T18:25:03Z
Nanoscale System Design,https://www.ualberta.ca/en/undergraduate-programs/bachelor-of-science-in-computer-engineering-nanoscale-system-design-option-nanoscale-system-design.html,General / Major,Engineering,,North Campus (Edmonton),English,ualberta-coveo-ug-programs,2026-04-16T18:25:03Z
Native Studies,https://www.ualberta.ca/en/undergraduate-programs/bachelor-of-arts-in-native-studies-native-studies.html,General / Major,Native Studies,,North Campus (Edmonton),English,ualberta-coveo-ug-programs,2026-04-16T18:25:03Z
Native Studies,https://www.ualberta.ca/en/undergraduate-programs/bachelor-of-science-in-environmental-and-conservation-sciences-native-studies.html,General / Major,Native Studies,,North Campus (Edmonton),English,ualberta-coveo-ug-programs,2026-04-16T18:25:03Z
Neuroscience,https://www.ualberta.ca/en/undergraduate-programs/bachelor-of-science-with-major-neuroscience.html,General / Major,Science,,North Campus (Edmonton),English,ualberta-coveo-ug-programs,2026-04-16T18:25:03Z
Nursing,https://www.ualberta.ca/en/undergraduate-programs/bachelor-of-science-in-nursing-nursing.html,General / Major,Nursing,,North Campus (Edmonton),English,ualberta-coveo-ug-programs,2026-04-16T18:25:03Z
Nursing,https://www.ualberta.ca/en/undergraduate-programs/bilingual-bachelor-of-science-in-nursing-nursing.html,General / Major,Nursing,,North Campus (Edmonton),English,ualberta-coveo-ug-programs,2026-04-16T18:25:03Z
Operations Management,https://www.ualberta.ca/en/undergraduate-programs/bachelor-of-commerce-operations-management.html,General / Major,Business,,North Campus (Edmonton),English,ualberta-coveo-ug-programs,2026-04-16T18:25:03Z
Paleontology,https://www.ualberta.ca/en/undergraduate-programs/bachelor-of-science-with-major-paleontology.html,General / Major,Science,,North Campus (Edmonton),English,ualberta-coveo-ug-programs,2026-04-16T18:25:03Z
Performance,https://www.ualberta.ca/en/undergraduate-programs/bachelor-of-music-performance.html,General / Major,Arts,,North Campus (Edmonton),English,ualberta-coveo-ug-programs,2026-04-16T18:25:03Z
Petroleum Engineering,https://www.ualberta.ca/en/undergraduate-programs/bachelor-of-science-in-petroleum-engineering-petroleum-engineering.html,General / Major,Engineering,,North Campus (Edmonton),English,ualberta-coveo-ug-programs,2026-04-16T18:25:03Z
Pharmacology,https://www.ualberta.ca/en/undergraduate-programs/bachelor-of-science-with-major-pharmacology.html,General / Major,Science,,North Campus (Edmonton),English,ualberta-coveo-ug-programs,2026-04-16T18:25:03Z
Pharmacy (entry-to-practice),https://www.ualberta.ca/en/undergraduate-programs/doctor-of-pharmacy-pharmacy-entry-to-practice.html,General / Major,Pharmacy and Pharmaceutical Sciences,,North Campus (Edmonton),English,ualberta-coveo-ug-programs,2026-04-16T18:25:03Z
Pharmacy (for practicing pharmacists),https://www.ualberta.ca/en/undergraduate-programs/doctor-of-pharmacy-pharmacy-for-practicing-pharmacists.html,General / Major,Pharmacy and Pharmaceutical Sciences,,North Campus (Edmonton),English,ualberta-coveo-ug-programs,2026-04-16T18:25:03Z
Philosophy,https://www.ualberta.ca/en/undergraduate-programs/bachelor-of-arts-philosophy.html,General / Major,Arts,,North Campus (Edmonton),English,ualberta-coveo-ug-programs,2026-04-16T18:25:03Z
Physical Activity and Health,https://www.ualberta.ca/en/undergraduate-programs/bachelor-of-kinesiology-physical-activity-and-health.html,General / Major,"Kinesiology, Sport, and Recreation",,North Campus (Edmonton),English,ualberta-coveo-ug-programs,2026-04-16T18:25:03Z
Physical Education,https://www.ualberta.ca/en/undergraduate-programs/bachelor-of-arts-physical-education.html,General / Major,Augustana,,Augustana (Camrose),English,ualberta-coveo-ug-programs,2026-04-16T18:25:03Z
Physical Education,https://www.ualberta.ca/en/undergraduate-programs/bachelor-of-education-in-secondary-education-physical-education.html,General / Major,Education,,North Campus (Edmonton),English,ualberta-coveo-ug-programs,2026-04-16T18:25:03Z
Physical Education,https://www.ualberta.ca/en/undergraduate-programs/bachelor-of-science-physical-education.html,General / Major,Augustana,,Augustana (Camrose),English,ualberta-coveo-ug-programs,2026-04-16T18:25:03Z
Physical Sciences,https://www.ualberta.ca/en/undergraduate-programs/bachelor-of-education-in-secondary-education-physical-sciences.html,General / Major,Education,,North Campus (Edmonton),English,ualberta-coveo-ug-programs,2026-04-16T18:25:03Z
Physics,https://www.ualberta.ca/en/undergraduate-programs/bachelor-of-education-in-secondary-education-physics.html,General / Major,Education,,North Campus (Edmonton),English,ualberta-coveo-ug-programs,2026-04-16T18:25:03Z
Physics,https://www.ualberta.ca/en/undergraduate-programs/bachelor-of-science-with-major-physics.html,General / Major,Science,,North Campus (Edmonton),English,ualberta-coveo-ug-programs,2026-04-16T18:25:03Z
Physiology,https://www.ualberta.ca/en/undergraduate-programs/bachelor-of-science-with-major-physiology.html,General / Major,Science,,North Campus (Edmonton),English,ualberta-coveo-ug-programs,2026-04-16T18:25:03Z
Physique,https://www.ualberta.ca/en/undergraduate-programs/baccalaureat-es-sciences-physique.html,General / Major,Faculté Saint-Jean,,Campus Saint-Jean (Edmonton),French,ualberta-coveo-ug-programs,2026-04-16T18:25:03Z
Planning,https://www.ualberta.ca/en/undergraduate-programs/bachelor-of-arts-planning.html,General / Major,Arts,,North Campus (Edmonton),English,ualberta-coveo-ug-programs,2026-04-16T18:25:03Z
Planning,https://www.ualberta.ca/en/undergraduate-programs/bachelor-of-science-with-major-planning.html,General / Major,Science,,North Campus (Edmonton),English,ualberta-coveo-ug-programs,2026-04-16T18:25:03Z
Political Science,https://www.ualberta.ca/en/undergraduate-programs/bachelor-of-arts-political-science.html,General / Major,Arts,,North Campus (Edmonton),English,ualberta-coveo-ug-programs,2026-04-16T18:25:03Z
Production - Design Route,https://www.ualberta.ca/en/undergraduate-programs/bachelor-of-fine-arts-in-drama-production-design-route.html,General / Major,Arts,,North Campus (Edmonton),English,ualberta-coveo-ug-programs,2026-04-16T18:25:03Z
Production - Stage Management Route,https://www.ualberta.ca/en/undergraduate-programs/bachelor-of-fine-arts-in-drama-production-stage-management-route.html,General / Major,Arts,,North Campus (Edmonton),English,ualberta-coveo-ug-programs,2026-04-16T18:25:03Z
Production - Technical Production Route,https://www.ualberta.ca/en/undergraduate-programs/bachelor-of-fine-arts-in-drama-production-technical-production-route.html,General / Major,Arts,,North Campus (Edmonton),English,ualberta-coveo-ug-programs,2026-04-16T18:25:03Z
Psychologie,https://www.ualberta.ca/en/undergraduate-programs/baccalaureat-es-arts-psychologie.html,General / Major,Faculté Saint-Jean,,Campus Saint-Jean (Edmonton),French,ualberta-coveo-ug-programs,2026-04-16T18:25:03Z
Psychologie sciences,https://www.ualberta.ca/en/undergraduate-programs/baccalaureat-es-sciences-psychologie-sciences.html,General / Major,Faculté Saint-Jean,,Campus Saint-Jean (Edmonton),French,ualberta-coveo-ug-programs,2026-04-16T18:25:03Z
Psychology,https://www.ualberta.ca/en/undergraduate-programs/bachelor-of-arts-psychology.html,General / Major,Arts,,North Campus (Edmonton),English,ualberta-coveo-ug-programs,2026-04-16T18:25:03Z
Psychology,https://www.ualberta.ca/en/undergraduate-programs/bachelor-of-science-with-major-psychology.html,General / Major,Science,,North Campus (Edmonton),English,ualberta-coveo-ug-programs,2026-04-16T18:25:03Z
Psychology and Mental Health,https://www.ualberta.ca/en/undergraduate-programs/bachelor-of-arts-psychology-and-mental-health.html,General / Major,Augustana,,Augustana (Camrose),English,ualberta-coveo-ug-programs,2026-04-16T18:25:03Z
Radiation Therapy,https://www.ualberta.ca/en/undergraduate-programs/bachelor-of-science-in-radiation-therapy-radiation-therapy.html,General / Major,Medicine and Dentistry,,North Campus (Edmonton),English,ualberta-coveo-ug-programs,2026-04-16T18:25:03Z
"Recreation, Sport and Tourism",https://www.ualberta.ca/en/undergraduate-programs/bachelor-of-arts-in-recreation-sport-and-tourism-recreation-sport-and-tourism.html,General / Major,"Kinesiology, Sport, and Recreation",,North Campus (Edmonton),English,ualberta-coveo-ug-programs,2026-04-16T18:25:03Z
Religious Studies,https://www.ualberta.ca/en/undergraduate-programs/bachelor-of-arts-religious-studies.html,General / Major,Arts,,North Campus (Edmonton),English,ualberta-coveo-ug-programs,2026-04-16T18:25:03Z
Science politique,https://www.ualberta.ca/en/undergraduate-programs/baccalaureat-es-arts-science-politique.html,General / Major,Faculté Saint-Jean,,Campus Saint-Jean (Edmonton),French,ualberta-coveo-ug-programs,2026-04-16T18:25:03Z
"Science, Technology and Society",https://www.ualberta.ca/en/undergraduate-programs/bachelor-of-arts-science-technology-and-society.html,General / Major,Arts,,North Campus (Edmonton),English,ualberta-coveo-ug-programs,2026-04-16T18:25:03Z
Sciences biologiques,https://www.ualberta.ca/en/undergraduate-programs/baccalaureat-en-education-sciences-biologiques.html,General / Major,Faculté Saint-Jean,,Campus Saint-Jean (Edmonton),French,ualberta-coveo-ug-programs,2026-04-16T18:25:03Z
Sciences biologiques,https://www.ualberta.ca/en/undergraduate-programs/baccalaureat-es-sciences-sciences-biologiques.html,General / Major,Faculté Saint-Jean,,Campus Saint-Jean (Edmonton),French; English,ualberta-coveo-ug-programs,2026-04-16T18:25:03Z
Sciences générales,https://www.ualberta.ca/en/undergraduate-programs/baccalaureat-en-education-secondaire-sciences-generales.html,General / Major,Faculté Saint-Jean,,Campus Saint-Jean (Edmonton),French,ualberta-coveo-ug-programs,2026-04-16T18:25:03Z
Sciences mathématiques,https://www.ualberta.ca/en/undergraduate-programs/baccalaureat-en-education-sciences-mathematiques.html,General / Major,Faculté Saint-Jean,,Campus Saint-Jean (Edmonton),French,ualberta-coveo-ug-programs,2026-04-16T18:25:03Z
Sciences mathématiques,https://www.ualberta.ca/en/undergraduate-programs/baccalaureat-es-sciences-sciences-mathematiques.html,General / Major,Faculté Saint-Jean,,Campus Saint-Jean (Edmonton),French,ualberta-coveo-ug-programs,2026-04-16T18:25:03Z
Sciences physiques,https://www.ualberta.ca/en/undergraduate-programs/baccalaureat-en-education-sciences-physiques.html,General / Major,Faculté Saint-Jean,,Campus Saint-Jean (Edmonton),French,ualberta-coveo-ug-programs,2026-04-16T18:25:03Z
Sciences physiques,https://www.ualberta.ca/en/undergraduate-programs/baccalaureat-es-sciences-sciences-physiques.html,General / Major,Faculté Saint-Jean,,Campus Saint-Jean (Edmonton),French,ualberta-coveo-ug-programs,2026-04-16T18:25:03Z
Sciences socio-politiques,https://www.ualberta.ca/en/undergraduate-programs/baccalaureat-es-arts-avec-specialisation-sciences-socio-politiques.html,General / Major,Faculté Saint-Jean,,Campus Saint-Jean (Edmonton),French,ualberta-coveo-ug-programs,2026-04-16T18:25:03Z
Second Languages - Cree,https://www.ualberta.ca/en/undergraduate-programs/bachelor-of-education-in-secondary-education-second-languages-cree.html,General / Major,Education,,North Campus (Edmonton),English,ualberta-coveo-ug-programs,2026-04-16T18:25:03Z
Second Languages - French,https://www.ualberta.ca/en/undergraduate-programs/bachelor-of-education-in-secondary-education-second-languages-french.html,General / Major,Education,,North Campus (Edmonton),English,ualberta-coveo-ug-programs,2026-04-16T18:25:03Z
Second Languages - German,https://www.ualberta.ca/en/undergraduate-programs/bachelor-of-education-in-secondary-education-second-languages-german.html,General / Major,Education,,North Campus (Edmonton),English,ualberta-coveo-ug-programs,2026-04-16T18:25:03Z
Second Languages - Japanese,https://www.ualberta.ca/en/undergraduate-programs/bachelor-of-education-in-secondary-education-second-languages-japanese.html,General / Major,Education,,North Campus (Edmonton),English,ualberta-coveo-ug-programs,2026-04-16T18:25:03Z
Second Languages - Other,https://www.ualberta.ca/en/undergraduate-programs/bachelor-of-education-in-secondary-education-second-languages-other.html,General / Major,Education,,North Campus (Edmonton),English,ualberta-coveo-ug-programs,2026-04-16T18:25:03Z
Second Languages - Spanish,https://www.ualberta.ca/en/undergraduate-programs/bachelor-of-education-in-secondary-education-second-languages-spanish.html,General / Major,Education,,North Campus (Edmonton),English,ualberta-coveo-ug-programs,2026-04-16T18:25:03Z
Second Languages - Ukrainian,https://www.ualberta.ca/en/undergraduate-programs/bachelor-of-education-in-secondary-education-second-languages-ukrainian.html,General / Major,Education,,North Campus (Edmonton),English,ualberta-coveo-ug-programs,2026-04-16T18:25:03Z
Secondary Education - Native Studies,https://www.ualberta.ca/en/undergraduate-programs/bachelor-of-arts-in-native-studies-secondary-education-native-studies.html,General / Major,Native Studies,,North Campus (Edmonton),English,ualberta-coveo-ug-programs,2026-04-16T18:25:03Z
Social Sciences Route,https://www.ualberta.ca/en/undergraduate-programs/bachelor-of-design-social-sciences-route.html,General / Major,Arts,,North Campus (Edmonton),English,ualberta-coveo-ug-programs,2026-04-16T18:25:03Z
Social Studies,https://www.ualberta.ca/en/undergraduate-programs/bachelor-of-education-in-secondary-education-social-studies.html,General / Major,Education,,North Campus (Edmonton),English,ualberta-coveo-ug-programs,2026-04-16T18:25:03Z
Sociologie,https://www.ualberta.ca/en/undergraduate-programs/baccalaureat-es-arts-sociologie.html,General / Major,Faculté Saint-Jean,,Campus Saint-Jean (Edmonton),French,ualberta-coveo-ug-programs,2026-04-16T18:25:03Z
Sociology,https://www.ualberta.ca/en/undergraduate-programs/bachelor-of-arts-sociology.html,General / Major,Arts,,North Campus (Edmonton),English,ualberta-coveo-ug-programs,2026-04-16T18:25:03Z
Sport Performance,https://www.ualberta.ca/en/undergraduate-programs/bachelor-of-kinesiology-sport-performance.html,General / Major,"Kinesiology, Sport, and Recreation",,North Campus (Edmonton),English,ualberta-coveo-ug-programs,2026-04-16T18:25:03Z
Statistics,https://www.ualberta.ca/en/undergraduate-programs/bachelor-of-science-with-major-statistics.html,General / Major,Science,,North Campus (Edmonton),English,ualberta-coveo-ug-programs,2026-04-16T18:25:03Z
Strategic Management and Organization,https://www.ualberta.ca/en/undergraduate-programs/bachelor-of-commerce-strategic-management-and-organization.html,General / Major,Business,,North Campus (Edmonton),English,ualberta-coveo-ug-programs,2026-04-16T18:25:03Z
Sustainability Studies,https://www.ualberta.ca/en/undergraduate-programs/bachelor-of-arts-sustainability-studies.html,General / Major,Augustana,,Augustana (Camrose),English,ualberta-coveo-ug-programs,2026-04-16T18:25:03Z
Sustainable Agricultural Systems,https://www.ualberta.ca/en/undergraduate-programs/bachelor-of-science-in-agriculture-sustainable-agricultural-systems.html,General / Major,"Agricultural, Life and Environmental Sciences",,North Campus (Edmonton),English,ualberta-coveo-ug-programs,2026-04-16T18:25:03Z
Undeclared,https://www.ualberta.ca/en/undergraduate-programs/bachelor-of-arts-undeclared-augustana.html,General / Major,Augustana,,Augustana (Camrose),English,ualberta-coveo-ug-programs,2026-04-16T18:25:03Z
Undeclared,https://www.ualberta.ca/en/undergraduate-programs/bachelor-of-arts-undeclared.html,General / Major,Arts,,North Campus (Edmonton),English,ualberta-coveo-ug-programs,2026-04-16T18:25:03Z
Undeclared,https://www.ualberta.ca/en/undergraduate-programs/bachelor-of-science-undeclared.html,General / Major,Augustana,,Augustana (Camrose),English,ualberta-coveo-ug-programs,2026-04-16T18:25:03Z
Undeclared,https://www.ualberta.ca/en/undergraduate-programs/bachelor-of-science-with-major-undeclared.html,General / Major,Science,,North Campus (Edmonton),English,ualberta-coveo-ug-programs,2026-04-16T18:25:03Z
Vente,https://www.ualberta.ca/en/undergraduate-programs/bilingual-bachelor-of-commerce-vente.html,General / Major,Faculté Saint-Jean,,Campus Saint-Jean (Edmonton),French,ualberta-coveo-ug-programs,2026-04-16T18:25:03Z
Wildlife and Rangeland Resources Management,https://www.ualberta.ca/en/undergraduate-programs/bachelor-of-science-in-environmental-and-conservation-sciences-wildlife-and-rangeland-resources-management.html,General / Major,"Agricultural, Life and Environmental Sciences",,North Campus (Edmonton),English,ualberta-coveo-ug-programs,2026-04-16T18:25:03Z
Women's and Gender Studies,https://www.ualberta.ca/en/undergraduate-programs/bachelor-of-arts-womens-and-gender-studies.html,General / Major,Arts,,North Campus (Edmonton),English,ualberta-coveo-ug-programs,2026-04-16T18:25:03Z
Économie,https://www.ualberta.ca/en/undergraduate-programs/baccalaureat-es-arts-economie.html,General / Major,Faculté Saint-Jean,,Campus Saint-Jean (Edmonton),French,ualberta-coveo-ug-programs,2026-04-16T18:25:03Z
Économie et droit des affaires,https://www.ualberta.ca/en/undergraduate-programs/bilingual-bachelor-of-commerce-economie-et-droit-des-affaires.html,General / Major,Faculté Saint-Jean,,Campus Saint-Jean (Edmonton),French,ualberta-coveo-ug-programs,2026-04-16T18:25:03Z
Études canadiennes,https://www.ualberta.ca/en/undergraduate-programs/baccalaureat-es-arts-avec-specialisation-etudes-canadiennes.html,General / Major,Faculté Saint-Jean,,Campus Saint-Jean (Edmonton),French,ualberta-coveo-ug-programs,2026-04-16T18:25:03Z
Études canadiennes,https://www.ualberta.ca/en/undergraduate-programs/baccalaureat-es-arts-etudes-canadiennes.html,General / Major,Faculté Saint-Jean,,Campus Saint-Jean (Edmonton),French,ualberta-coveo-ug-programs,2026-04-16T18:25:03Z
Études interdisciplinaires,https://www.ualberta.ca/en/undergraduate-programs/baccalaureat-es-arts-avec-specialisation-etudes-interdisciplinaires.html,General / Major,Faculté Saint-Jean,,Campus Saint-Jean (Edmonton),French,ualberta-coveo-ug-programs,2026-04-16T18:25:03Z
Études sociales,https://www.ualberta.ca/en/undergraduate-programs/baccalaureat-en-education-secondaire-etudes-sociales.html,General / Major,Faculté Saint-Jean,,Campus Saint-Jean (Edmonton),French,ualberta-coveo-ug-programs,2026-04-16T18:25:03Z
