program_name,allow_source
Advanced Healthcare Leadership,legacy_final_v3
Advanced Machining Centre Programming - Milling,legacy_final_v3
Advanced Turning Centre Programming - Lathe,legacy_final_v3
Agentic AI Foundation,legacy_final_v3
AI and Data Governance for Innovation and Impact,legacy_final_v3
AI-Driven Project Management,legacy_final_v3
Animation (Area of Emphasis),legacy_final_v3
Apple iOS iPhone/iPad Mobile Developer,legacy_final_v3
AWS Academy Cloud,legacy_final_v3
Bachelor of Business Administration (BBA) Co-operative Education,legacy_final_v3
Basic Machine Centre Programming - Milling,legacy_final_v3
Basic Turning Centre Programming - Lathe,legacy_final_v3
Blockchain Smart Contract,legacy_final_v3
Breast Sonography,legacy_final_v3
Building a stronger foundation for construction to grow and succeed - Giving,legacy_final_v3
Business Continuity Management Program (BCMP) Sustainment,legacy_final_v3
Business Risk Management,legacy_final_v3
C/C++ Programming Language,legacy_final_v3
Canadian Registered Safety Technician (CRST),legacy_final_v3
Certified Risk Management Professional (CRMP),legacy_final_v3
CLA: Programming Essentials in C,legacy_final_v3
Clean Energy,legacy_final_v3
Computer Software Development (Area of Emphasis),legacy_final_v3
Construction Leadership and Supervision (CLS),legacy_final_v3
Core Programming,legacy_final_v3
CPA Education Foundation bolsters business learning - Giving,legacy_final_v3
CPA: Programming Essentials in C++,legacy_final_v3
Digital Cinema (Area of Emphasis),legacy_final_v3
Digital Marketing,legacy_final_v3
Digital Marketing Associate Tracks,legacy_final_v3
Digital Marketing Professional Certification,legacy_final_v3
Digital Marketing Specialist,legacy_final_v3
Drone Training,legacy_final_v3
Energy Process Operator,legacy_final_v3
Entrepreneurship and Business Management,legacy_final_v3
"Equity, Diversity, and Inclusion",legacy_final_v3
Full Stack Development Bootcamp,legacy_final_v3
Fundamentals of Cloud Programming,legacy_final_v3
Game Design (Area of Emphasis),legacy_final_v3
Game Programming (Area of Emphasis),legacy_final_v3
Generative AI: From Concepts to Real-World Solution,legacy_final_v3
geoLOGIC enhances students’ real-world skills and job prospects - Giving,legacy_final_v3
Home Inspection Training Program: Air Conditioning and Heat Pumps,legacy_final_v3
Home Inspection Training Program: Communication and Professional Practice,legacy_final_v3
Home Inspection Training Program: Electrical,legacy_final_v3
Home Inspection Training Program: Exterior,legacy_final_v3
Home Inspection Training Program: Heating I,legacy_final_v3
Home Inspection Training Program: Heating II,legacy_final_v3
Home Inspection Training Program: Insulation and Interior,legacy_final_v3
Home Inspection Training Program: Plumbing,legacy_final_v3
Home Inspection Training Program: Roofing,legacy_final_v3
Home Inspection Training Program: Structure,legacy_final_v3
ICON Student Managed Investment Fund,legacy_final_v3
IGNITE Program,legacy_final_v3
Implementing a Crisis Management Program,legacy_final_v3
Interior Design Business Tools,legacy_final_v3
Intermediate Machine Centre Programming - Milling,legacy_final_v3
Intermediate Turning Centre Programming - Lathe,legacy_final_v3
International Society of Automation Courses,legacy_final_v3
Introduction to CNC Programming,legacy_final_v3
Introduction to Programming,legacy_final_v3
Introduction to Reforestation,legacy_final_v3
IT Business Analysis (Area of Emphasis),legacy_final_v3
IT System Administration (Area of Emphasis),legacy_final_v3
Logo Design and Visual Identity,legacy_final_v3
Machine Learning and Artificial Intelligence Bootcamp,legacy_final_v3
Mastering Power BI,legacy_final_v3
Mental Health and Well-Being,legacy_final_v3
Microsoft Full-Stack Web Developer,legacy_final_v3
n-Tier Development Programming Architecture,legacy_final_v3
National Payroll Institute Designation Programs,legacy_final_v3
Network Security,legacy_final_v3
Nokia Bell Labs 5G Certification,legacy_final_v3
Open Studies Pathway (School of Health and Life Sciences),legacy_final_v3
Outreach and Well-being Leaders (OWLs) Program,legacy_final_v3
Outreach and Well-being Leaders Engagement Team (OWLET),legacy_final_v3
Partnership helps build careers in trades and technology - Giving,legacy_final_v3
Payroll Professional Program,legacy_final_v3
Point-of-Care Ultrasound (POCUS),legacy_final_v3
Pre-Apprenticeship Courses,legacy_final_v3
Professional Development for Real Estate Professionals,legacy_final_v3
Programmable Logic Controller Level I,legacy_final_v3
Programmable Logic Controller Level II,legacy_final_v3
Programming Python Web Applications,legacy_final_v3
Python Developer,legacy_final_v3
Quantum for Engineers,legacy_final_v3
Quantum for Executives,legacy_final_v3
QuickBooks Online Accounting,legacy_final_v3
Real Estate Licensing Alberta,legacy_final_v3
Risk Management for Cybersecurity,legacy_final_v3
Risk Management in Project & Quality Management,legacy_final_v3
Sandvik Coromant and NAIT continue to shape future of machining - Giving,legacy_final_v3
Siemens Digital Fundamentals and Programmable Logic Controllers,legacy_final_v3
Software Testing Associate,legacy_final_v3
Supply Chain Management,legacy_final_v3
Technical Drawing and Interpretation,legacy_final_v3
Thank you,legacy_final_v3
Tolko gives pivotal gift to NAIT Forestry Technology students - Giving,legacy_final_v3
Unlocking the Power of AI: Practical Insights,legacy_final_v3
Visual Communications (Area of Emphasis),legacy_final_v3
Water and Wastewater Technician,legacy_final_v3
Web Design and Development (Area of Emphasis),legacy_final_v3
