override_key,institution,program,credential_type,status,source_page_url,include_or_exclude,signal_type,requirement_type_override,min_avg_override,elective_qty_override,avg_total_override,parent_admissions_url,requirements_selector,admissions_links_selector,proof_text,notes,needs_parent_source,manual_review_flag
norquest-accounting-technician-01,NorQuest,Accounting Technician,,,https://www.norquest.ca/programs-and-courses/programs/accounting-technician/,include,avg_total,alberta_high_school_courses,,,2,,"<a class=""menuLink 4"" href=""/programs-and-courses/programs/accounting-technician/program-requirements/"">Program requirements</a>","<a class=""menuLink 4"" href=""/programs-and-courses/programs/accounting-technician/program-requirements/"">Program requirements</a>","<details open="""" class=""requirements""><summary>Academic requirements</summary><div> <div class=""col""><strong>Language Arts </strong>– this requirement can be met with any of the following, or an equivalent course: <ul> <li>50% in English Language Arts 30-1</li> <li>50% in English Language Arts 30-2</li> <li>50% in <a href=""/programs-and-courses/courses/ESLG1860-english-for-academic-purposes-reading-and-writing/"" title=""English for Academic Purposes - Reading and Writing I"">ESLG 1860</a></li> <li>50% in <a href=""/programs-and-courses/courses/ESLG1898-english-for-academic-purposes-reading-and-writing-eap-ii/"" title=""English for Academic Purposes - Reading and Writing II"">ESLG 1898</a></li> </ul> <strong>Mathematics</strong> – this requirement can be met with any of the following, or an equivalent course: <ul> <li>65% in Mathematics 20-1</li> <li>65% in Mathematics 20-2</li> <li>50% in Mathematics 30-1</li> <li>50% in Mathematics 30-2</li> </ul> <p>OR</p> <p><strong>Academic Assessment</strong> - Applicants who have submitted an application may be able to meet their&nbsp;academic requirements with a free&nbsp;assessment.&nbsp;Click&nbsp;<a href=""/applying-to-norquest/testing-and-assessment-services/academic-and-placement-assessments.aspx"" target=""_self"">here </a>for more details or email<a href=""mailto:student.advisor@norquest.ca""> student.advisor@norquest.ca</a> to meet with an advisor.</p> <p><strong>Note:</strong> Academic admission requirements are different from English language proficiency requirements. NorQuest College English for Academic Purposes courses may be used to meet both requirements. See below for details.</p></div> <div class=""col""><p>If you're missing some academic requirements, you may be able to apply with recognized equivalencies. See how NorQuest’s <a href=""https://www.norquest.ca/applying-to-norquest/how-to-apply/equivalencies"" target=""_blank"" title=""https://www.norquest.ca/applying-to-norquest/how-to-apply/equivalencies"">equivalency options</a> can help you qualify.</p> </div></div></details>",rules appear https://www.norquest.ca/programs-and-courses/programs/accounting-technician/program-requirements/. | NorQuest high-school-template sample (missing credential/status in canonical),no,no
norquest-practical-nurse-02,NorQuest,Practical Nurse,,,https://www.norquest.ca/programs-and-courses/programs/practical-nurse/,include,avg_total,alberta_high_school_courses,,,3,,"<a class=""menuLink 4"" href=""/programs-and-courses/programs/practical-nurse/program-requirements/"">Program requirements</a>","<a class=""menuLink 4"" href=""/programs-and-courses/programs/practical-nurse/program-requirements/"">Program requirements</a>","<details open="""" class=""requirements""><summary>Academic requirements</summary><div> <div class=""col""><p><strong>Language Arts</strong> – this requirement can be met with any of the following, or an equivalent course:</p> <ul> <li>60% in English Language Arts 30-1</li> <li>70% in English Language Arts 30-2</li> <li>60% in <a href=""/programs-and-courses/courses/ESLG1860-english-for-academic-purposes-reading-and-writing/"" title=""English for Academic Purposes - Reading and Writing I"">ESLG 1860</a></li> <li>70% in <a href=""/programs-and-courses/courses/ESLG1898-english-for-academic-purposes-reading-and-writing-eap-ii/"" title=""English for Academic Purposes - Reading and Writing II"">ESLG 1898</a></li> </ul> <p><strong>Mathematics</strong> – this requirement can be met with any of the following, or an equivalent course:</p> <ul> <li>60% in Mathematics 20-1</li> <li>70% in Mathematics 20-2</li> <li>50% in Mathematics 30-1</li> <li>60% in Mathematics 30-2</li> <li>60% in <a href=""/programs-and-courses/courses/MATH1524-prep-for-practical-nurse-math-foundations/"" title=""Prep for Practical Nurse Math Foundations"">MATH 1524</a></li> </ul> <strong>Biology</strong> – this requirement can be met with the following, or an equivalent course: <ul> <li>60% in Biology 30</li> </ul> <p>OR</p> <p><strong>Academic Assessment </strong>– Applicants who have submitted an application may be able to meet their&nbsp;academic requirements with a free&nbsp;assessment.&nbsp;Click&nbsp;<a href=""/applying-to-norquest/testing-and-assessment-services/academic-and-placement-assessments.aspx"" target=""_self"">here </a>for more details or email<a href=""mailto:student.advisor@norquest.ca""> student.advisor@norquest.ca</a> to meet with an advisor.</p> <p><strong>Note:</strong> Academic admission requirements are different from English language proficiency requirements. NorQuest College English for Academic Purposes courses may be used to meet both requirements. See below for details.</p> <p><strong>Some Health Care Aide courses may count towards a Practical Nurse diploma.&nbsp;</strong></p> <p>Graduates of an Alberta provincial Health Care Aide program (or equivalent) can request prior learning assessment (PLAR) and recognition for the <a href=""/programs-and-courses/courses/heed1000-health-education-individual-health-and-wellness/"" title=""Health Education: Individual Health and Wellness"">HEED 1000</a> and <a href=""/programs-and-courses/courses/ncom1000-communications-for-nursing/"" title=""Communications for Nursing"">NCOM 1000</a> courses once they have been accepted into the Practical Nurse program.&nbsp;</p> <p>Visit <a href=""/applying-to-norquest/transcripts-and-transfers/prior-learning-assessment-and-recognition/"">prior learning assessment and recognition</a> for more information.</p></div> <div class=""col""><p>If you're missing some academic requirements, you may be able to apply with recognized equivalencies. See how NorQuest’s <a href=""https://www.norquest.ca/applying-to-norquest/how-to-apply/equivalencies"" target=""_blank"" title=""https://www.norquest.ca/applying-to-norquest/how-to-apply/equivalencies"">equivalency options</a> can help you qualify.</p> </div></div></details>",rules appear on https://www.norquest.ca/programs-and-courses/programs/practical-nurse/program-requirements/ | NorQuest second high-school-template sample,no,no
norquest-health-care-aide-03,NorQuest,Health Care Aide,,,https://www.norquest.ca/programs-and-courses/programs/health-care-aide/,include,placement_assessment,placement_assessment,,,1,,"<a class=""menuLink 4"" href=""/programs-and-courses/programs/health-care-aide/program-requirements/"">Program requirements</a>","<a class=""menuLink 4"" href=""/programs-and-courses/programs/health-care-aide/program-requirements/"">Program requirements</a>","<details open="""" class=""requirements""><summary>Academic requirements</summary><div> <div class=""col""><ul> <li>English Language Arts – this requirement can be met with any of the following, or an equivalent course: <ul> <li>60% in English Language Arts 20-2</li> <li>55% in English Language Arts 30-2</li> </ul> </li> </ul> &nbsp; &nbsp; &nbsp; &nbsp; &nbsp; &nbsp; &nbsp; &nbsp; &nbsp; OR <ul> <li><a href=""https://www.norquest.ca/applying-to-norquest/testing-and-assessment-services/academic-and-placement-assessments/"">Accuplacer&nbsp;reading and writing assessment</a>&nbsp;- Applicants who have submitted an application may be able to meet their&nbsp;academic requirements with a free&nbsp;assessment.&nbsp;Click&nbsp;<a href=""/applying-to-norquest/testing-and-assessment-services/academic-and-placement-assessments.aspx"" target=""_self"">here</a>&nbsp;for more details or email&nbsp;<a href=""mailto:student.advisor@norquest.ca"">student.advisor@norquest.ca</a> to meet with an advisor.</li> </ul> <p><strong>Note:</strong> Academic admission requirements are different from English language proficiency requirements. NorQuest College English for Academic Purposes courses may be used to meet academic&nbsp;requirements. See below for details.</p></div> <div class=""col""><p>If you're missing some academic requirements, you may be able to apply with recognized equivalencies. See how NorQuest’s <a href=""https://www.norquest.ca/applying-to-norquest/how-to-apply/equivalencies"" target=""_blank"" title=""https://www.norquest.ca/applying-to-norquest/how-to-apply/equivalencies"">equivalency options</a> can help you qualify.</p> </div></div></details>",rules appear on https://www.norquest.ca/programs-and-courses/programs/health-care-aide/program-requirements/ | NorQuest placement/assessment-template sample,no,no
norquest-teaching-english-as-a-second-language-04,NorQuest,Teaching English as a Second Language,,,https://www.norquest.ca/programs-and-courses/programs/teaching-english-as-a-second-language/,include,manual_review,regular_admission; notes: English language proficiency only,,,,,,,,ELP-only evidence in current extract; keep explicit manual review instead of Unknown,no,yes
norquest-practical-nurse-ien-05,NorQuest,Practical Nurse Diploma for Internationally Educated Nurses,,,https://www.norquest.ca/programs-and-courses/programs/practical-nurse-diploma-for-internationally-educated-nurses/,include,pathway,post_secondary_pathway; notes: internationally educated nurse pathway,,,,,,,,Program is an internationally educated nurse pathway; not direct Alberta high-school admission,no,yes
norquest-autism-studies-06,NorQuest,Autism Studies,,,https://www.norquest.ca/programs-and-courses/programs/autism-studies/,include,pathway,post_secondary_pathway; notes: post-diploma pathway,,,,,,,,Post-diploma pathway; current extract only supports pathway-level/manual-review treatment,no,yes
norquest-digital-marketing-07,NorQuest,Digital Marketing,,,https://www.norquest.ca/programs-and-courses/programs/digital-marketing/,include,pathway,post_secondary_pathway; notes: post-diploma pathway,,,,,,,,Post-diploma pathway; current extract only supports pathway-level/manual-review treatment,no,yes
nait-ai-and-data-governance-for-innovation-and-impact-04,NAIT,AI and Data Governance for Innovation and Impact,Certificate,Active,https://www.nait.ca/nait/continuing-education/programs/ai-and-data-governance-certificate,exclude,avg_total,,60,,,,,,,continuing ed template | NAIT continuing-ed program template,no,no
nait-advanced-machining-centre-programming-milling-05,NAIT,Advanced Machining Centre Programming - Milling,Certificate,Active,https://www.nait.ca/nait/continuing-education/courses/mach206-advanced-machining-centre-programming,exclude,avg_total,,60,,,,,,,continuing ed template | NAIT continuing-ed course template,no,no
nait-animation-area-of-emphasis-06,NAIT,Animation (Area of Emphasis),Certificate,Active,https://www.nait.ca/nait/schools-programs/school-of-applied-sciences-and-technology/walkthroughs/dmit-areas-of-emphasis/animation,exclude,exclude_pattern,,60,,,,,,,this is not a program | NAIT likely non-program/area-of-emphasis page pattern,no,no
nait-baist-information-systems-pathway,NAIT,Bachelor of Applied Information Systems Technology - Information Systems,Degree,Active,https://www.nait.ca/programs/baist-information-systems,include,pathway,regular_admission; notes: post-secondary pathway,,,,,,,Minimum entrance requirements: A related two-year IT diploma and a minimum GPA of 2.3 are required. Applicants without the diploma may qualify with 60 post-secondary credits. Proof of English Language Proficiency is required.,Post-secondary pathway degree entry; not direct Alberta high-school admission.,no,no
nait-baist-network-management-pathway,NAIT,Bachelor of Applied Information Systems Technology - Network Management,Degree,Active,https://www.nait.ca/programs/baist-network-management,include,pathway,regular_admission; notes: post-secondary pathway,,,,,,,Minimum entrance requirements: A related two-year IT diploma and a minimum GPA of 2.3 are required. Applicants without the diploma may qualify with 60 post-secondary credits. Proof of English Language Proficiency is required.,Post-secondary pathway degree entry; not direct Alberta high-school admission.,no,no
nait-btech-general-management-pathway,NAIT,Bachelor of Technology in Management - General Management,Degree,Active,https://www.nait.ca/programs/btech,include,pathway,regular_admission; notes: post-secondary pathway,,,,,,,Minimum entrance requirements: Successful completion of an accredited diploma or degree in engineering technology information technology applied science or health science with a minimum GPA of 2.7 is required. Proof of English Language Proficiency is required.,Post-secondary pathway degree entry; not direct Alberta high-school admission.,no,no
nait-btech-operations-management-pathway,NAIT,Bachelor of Technology in Management - Operations Management,Degree,Active,https://www.nait.ca/programs/btech-operationsmanagement,include,pathway,regular_admission; notes: post-secondary pathway,,,,,,,Minimum entrance requirements: Successful completion of an accredited diploma or degree in engineering technology information technology applied science or health science with a minimum GPA of 2.7 is required. Proof of English Language Proficiency is required.,Post-secondary pathway degree entry; not direct Alberta high-school admission.,no,no
nait-btech-project-management-pathway,NAIT,Bachelor of Technology in Management - Project Management,Degree,Active,https://www.nait.ca/programs/btech-projectmanagement,include,pathway,regular_admission; notes: post-secondary pathway,,,,,,,Minimum entrance requirements: Successful completion of an accredited diploma or degree in engineering technology information technology applied science or health science with a minimum GPA of 2.7 is required. Proof of English Language Proficiency is required.,Post-secondary pathway degree entry; not direct Alberta high-school admission.,no,no
nait-btech-sustainability-management-pathway,NAIT,Bachelor of Technology in Management - Sustainability Management,Degree,Active,https://www.nait.ca/programs/btech-sustainabilitymanagement,include,pathway,regular_admission; notes: post-secondary pathway,,,,,,,Minimum entrance requirements: Successful completion of an accredited diploma or degree in engineering technology information technology applied science or health science with a minimum GPA of 2.7 is required. Proof of English Language Proficiency is required.,Post-secondary pathway degree entry; not direct Alberta high-school admission.,no,no
nait-business-for-journeyperson-pathway,NAIT,Business for Journeyperson Pathway to a Business Administration - Management Diploma,Diploma,Active,https://www.nait.ca/programs/business-for-journeyperson-ba-management,include,pathway,regular_admission; notes: post-secondary pathway,,,,,,,The Business for Journeyperson Pathway to a Business Administration - Management Diploma is designed for individuals with a background in a Red Seal trade who are ready to take on leadership roles within their industry.,Pathway for Red Seal trade background; not direct Alberta high-school admission.,no,no
nait-trades-to-degrees-pathway,NAIT,Trades to Degrees Pathway to BBA Degree - Management Concentration,,Active,https://www.nait.ca/programs/trades-to-degrees,include,pathway,regular_admission; notes: post-secondary pathway,,,,https://www.nait.ca/nait/admissions/transfer-and-credit-options/pathways/trades-to-degrees,,,Trades to Degrees gives certified trades professionals a direct route into the third year of the Bachelor of Business Administration program.,Pathway for certified trades professionals; use pathway page as evidence source.,yes,no
macewan-acupuncture-07,MacEwan,Acupuncture,Other,Active,https://www.macewan.ca/academics/programs/acupuncture/admissions/requirements/index.html,include,avg_total,,60,Two,5,,"<div class=""accordion-cell-title collapsed"" tabindex=""0"">Regular admission<span class=""fa-solid fa-chevron-down closed-icon""></span><span class=""fa-solid fa-chevron-up open-icon""></span></div>","<div class=""accordion-cell-title collapsed"" tabindex=""0"">Regular admission<span class=""fa-solid fa-chevron-down closed-icon""></span><span class=""fa-solid fa-chevron-up open-icon""></span></div>","Applicants must have a minimum overall average of 60 percent, with no course grade lower than 50 percent, in the following high school courses: ELA 30-1 or ELA 30-2 One of Biology 30, Chemistry 30 or Science 30 One subject from Group C Two subjects from Group A, B, C or D","button to open regular admission categories <div class=""accordion-cell-title collapsed"" tabindex=""0"">Regular admission<span class=""fa-solid fa-chevron-down closed-icon""></span><span class=""fa-solid fa-chevron-up open-icon""></span></div>. and the actual competitive admission rates are <div class=""textflow-block col-12 ""> <h3>Competitive criteria</h3> <table class=""table-invertible processed"" style=""visibility: visible;""> <tbody> <tr class=""mobile-hidden""> <th width=""40%"">&nbsp;</th> <th width=""30%"">2025/26 AVERAGE</th> <th width=""30%"">2026/27 AVERAGE</th> </tr> <tr> <td class=""mobile-heading""><div class=""mobile-value""><strong>Regular/mature admission</strong></div></td> <td> <div class=""mobile-label"">2025/26 AVERAGE</div> <div class=""mobile-value""> <p>mid 70s to high 80s</p> </div></td> <td> <div class=""mobile-label"">2026/27 AVERAGE</div> <div class=""mobile-value""> <p>mid 70s to high 80s</p> </div></td> </tr> <tr> <td class=""mobile-heading""><div class=""mobile-value""><strong>Previous post-secondary admission</strong></div></td> <td> <div class=""mobile-label"">2025/26 AVERAGE</div> <div class=""mobile-value""> <p>2.7 to 3.7</p> </div></td> <td> <div class=""mobile-label"">2026/27 AVERAGE</div> <div class=""mobile-value""> <p>2.7 to 3.7</p> </div></td> </tr> </tbody> </table> </div> | MacEwan direct admissions-requirements template",no,no
macewan-accounting-technology-accounting-and-strategic-measurement-08,MacEwan,Accounting Technology | Accounting and Strategic Measurement,Other,Active,https://www.macewan.ca/academics/programs/accounting-and-strategic-measurement/admissions/requirements/index.html,include,inheritance,See Degree,65,Three,5,,"<div class=""accordion-cell-title collapsed"" tabindex=""0"">Regular admission<span class=""fa-solid fa-chevron-down closed-icon""></span><span class=""fa-solid fa-chevron-up open-icon""></span></div>","<div class=""accordion-cell-title collapsed"" tabindex=""0"">Regular admission<span class=""fa-solid fa-chevron-down closed-icon""></span><span class=""fa-solid fa-chevron-up open-icon""></span></div>","Applicants must have a minimum overall average of 65 percent, with no course grade lower than 50 percent, in the following high school courses: ELA 30-1 or ELA 30-2 Mathematics 30-1 or Mathematics 30-2 Three Subjects from Group A, B, C, or D","the element that has the requiresments are here <div class=""accordion-cell-text""><p class=""fineprint"">To be evaluated through the Office of the University Registrar</p> <p>Applicants must have a minimum overall average of 65 percent, with no course grade lower than 50 percent, in the following high school courses:</p> <ol> <li>ELA 30-1 or ELA 30-2</li> <li>Mathematics 30-1 or Mathematics 30-2</li> <li>Three Subjects from Group A, B, C, or D</li> </ol> <p><a class=""feature-glyph clean"" href=""https://www.MacEwan.ca/highschoolsubjects"" rel=""noopener"" target=""_blank"">Learn more about Group A, B, C or D courses</a></p> <h3>Notes:</h3> <ul> <li>Applicants are strongly encouraged to present a broad range of subjects in order to benefit from the breadth of learning and to increase flexibility of future program and course choices.</li> <li>A maximum of two Group B subjects may be presented; they must be from different disciplines.</li> <li>A maximum of one Group D subject may be presented. Group D subjects used for admission must be 5-credit or any credit combination of at least five credits (e.g.: two 3-credit subjects).</li> </ul> <p>Applicants with nine or more post-secondary level credits must also present a minimum Admission Grade Point Average of 2.0 on a 4.0 scale.</p> <p><a class=""feature-glyph clean"" href=""https://www.macewan.ca/AGPA"" rel=""noopener"" target=""_blank"" title=""Learn more about AGPA"">Learn more about AGPA</a></p></div> | MacEwan See Degree inheritance template",yes,no
macewan-biological-sciences-09,MacEwan,Biological Sciences,Other,Active,https://www.macewan.ca/academics/academic-departments/biological-sciences/academics/biological-sciences-major/,exclude,inheritance,,70,Check Notes,,,"<p>This major is open to students in the Bachelor of Science. Courses for your major are only one component of the degree requirements to graduate. To see all courses required for the major, check the program of study in the academic calendar.</p>","<p>This major is open to students in the Bachelor of Science. Courses for your major are only one component of the degree requirements to graduate. To see all courses required for the major, check the program of study in the academic calendar.</p>","This major is open to students in the Bachelor of Science. Courses for your major are only one component of the degree requirements to graduate. To see all courses required for the major, check the program of study in the academic calendar.",this is a major that is open to students in the bachelor of science so someone who is already enrolled so this is not applicable | MacEwan department-major template (likely inherited/complex rules),no,no
ualberta-arts-first-year-10,UAlberta,Arts (First-Year),Degree,Active,https://www.ualberta.ca/en/arts/programs/undergraduate-programs/admissions/index.html,include,avg_total,notes: Admission average uses 5 subjects (English 30-1 + 4 from Groups A/B/C); max 1 Group B; each subject must be >=50,70,Four,5,,"<span class=""text"">High School Students</span>","<div class=""card-header"" id=""heading0011""> <span>Arts</span> <button aria-controls=""collapse0011"" aria-expanded=""false"" aria-label=""Expand or Close Accordion"" class=""btn expander fa-solid fa-plus collapsed"" data-bs-target=""#collapse0011"" data-bs-toggle=""collapse"" type=""button"" aria-hidden=""true""></button> </div>","Alberta Grade 12 Courses English Language Arts 30-1 Four subjects from: Biology 30; Chemistry 30; an approved 30-level Fine Arts Course (only one Fine Arts course may be presented for admission); Aboriginal Studies 30; Social Studies 30-1; Mathematics 30-1; *Mathematics 30-2; Mathematics 31; Physics 30; Science 30; Computer Science - Advanced Level CTS (5 credits); 30-level language other than English. *Mathematics 30-2 may be used for admission to the Faculty of Arts. However, only one of Mathematics 30-1 or Mathematics 30-2 will be accepted. ** In order to maximize their future program and course choices, all students are encouraged to present a broad range of courses across the Humanities and Sciences. See additional requirements listed in the Notes below for specific majors and minors. Notes More than one language other than English may be accepted, but they must be different languages. The Faculty of Arts accepts proficiency in an Aboriginal language recognized in Canada (i.e. Cree, Slavey etc.) to meet a language other than English admission requirement. Proficiency is measured by either a test, administered by the university if such can be arranged, or by boards of examiners appointed by the university. Candidates having passed the required test of an Aboriginal language have their averages calculated on the remaining four matriculation subjects. To maximize their future program and course choices, all students are encouraged to present a broad range of subjects across the Humanities and Sciences. Only one Fine Arts Subject may be presented for admission. For a Minor in Arts and Cultural Management, applicants must submit a letter of permission directly to the Faculty of Arts. For a Major or Minor in Economics or Mathematics, students should present Mathematics 30-1. Mathematics 30-1 does not have to be included as one of the five subjects used for admission, but the discipline requires courses for which Mathematics 30-1 is a prerequisite. For a Major or Minor in Psychology, students should present Mathematics 30-1 or Mathematics 30-2 For a Major in Planning, students must present one of Mathematics 30-1 or Mathematics 30-2 and Social Studies 30-1 (or equivalent) For the BA in Environmental Studies, students must present Biology 30, one of Mathematics 30-1 or Mathematics 30-2, and one of Social Studies 30-1 (or equivalent) or a Language other than English at the 30-level, plus 2 other 30-level subjects.",competitive averages https://www.ualberta.ca/en/admissions/how-to-apply/admission-requirements/competitive-requirements.html | UAlberta admissions template with subject-count language,no,no
ualberta-engineering-first-year-11,UAlberta,Engineering (First-Year),Degree,Active,https://www.ualberta.ca/en/engineering/admissions-programs/undergraduate/admissions/index.html,include,manual_review,notes: Minimum admission average is set annually; past several years ~80% or above (verify current),80,0.0,5,,"<div class=""col-12 col-sm-9""> <p><i>All Engineering programs listed in the Calendar are accredited by the <a href=""https://engineerscanada.ca/accreditation/accreditation-board"">Canadian Engineering Accreditation Board of Engineers Canada</a>. Therefore, graduation from the Faculty of Engineering can lead to registration as a professional engineer in the provincial associations of professional engineers, in accordance with their individual policies. </i></p> <style><!-- .btn-secondary.text-uppercase { font-size: 1rem; font-weight: 500; letter-spacing: 0.9px; padding: 0.5rem 1rem; } --></style> <h2>High School Students</h2> <p>If you are applying to the Faculty of Engineering directly from high school, you will be considered for admission into the foundational/ year.</p> <p>The first-year curriculum is designed to give you a solid foundation and introduce you to the vast opportunities available in the Faculty as well as in the profession. Not only will you increase your academic capacity, but you'll also discover how you can shape your future career!&nbsp; <a href=""https://www.ualberta.ca/en/admissions/how-to-apply/admission-requirements/index.html"">Learn more about general admission requirements »</a></p> <p><!--<a class=""btn btn-primary px-3"" href=""site://undergraduate-admissions-and-programs/undergraduate/admission/admission-requirements/index"" role=""button"">High School Admissions</a>--></p> <h2 class=""mt-4"">Requirements</h2> <h3>Academic Requirements</h3> <p>Students are assessed for admission into the Faculty of Engineering based on the average they present in the five required senior-level high school subjects:</p> <div class=""col-12 col-md-10 col-lg-8""> <table class=""table table-hover""><caption class=""font-weight-light"">High School Academic Requirements</caption> <thead class=""table-light""> <tr> <th>High School Subject Area</th> <th>Alberta High School Course</th> </tr> </thead> <tbody> <tr> <td>Math</td> <td>Math 30-1</td> </tr> <tr> <td>Calculus</td> <td>Math 31</td> </tr> <tr> <td>Chemistry</td> <td>Chemistry 30</td> </tr> <tr> <td>Physics</td> <td>Physics 30</td> </tr> <tr> <td>English</td> <td>English 30-1</td> </tr> </tbody> </table> </div> <p><em>Canadian students, use the <a href=""https://www.ualberta.ca/en/undergraduate-programs/bachelor-of-science-in-engineering-qualifying-year.html"">program tool</a> to see provincial course equivalents to the Alberta high school requirements. </em></p> <p><em>International Students, see <a href=""https://www.ualberta.ca/en/admissions/how-to-apply/admission-requirements/competitive-requirements.html"">competitive averages and conversions</a>. </em></p> <p>If a student has not yet completed all of the required grade 12 courses at the time of application, the Faculty will use the grade 11 prerequisite in their place to potentially generate an early offer of admission (with conditions).</p> <p>Admission is competitive; meeting the minimum requirements does not guarantee admission. <a href=""https://www.ualberta.ca/en/admissions/how-to-apply/admission-requirements/competitive-requirements.html"">Past competitive admission averages </a>for intake are available to give an idea of what a student needs to be considered competitive.&nbsp;</p> <h3 class=""mt-4"">English Language Proficiency</h3> <p dir=""ltr"">As English is the primary language of instruction for all programs, all undergraduate applicants to Engineering need an adequate level of English Language Proficiency (ELP) prior to admission, regardless of citizenship status or country of origin.</p> <p dir=""ltr"">For students applying from within Canada or from a country/institution where the primary language of instruction is English, the ELP requirement is generally met through proof of a minimum of three years of full-time study in English.</p> <p dir=""ltr"">If a student is required to present proof of ELP, they will be notified through their Bear Tracks To Do List.</p> <p dir=""ltr"">A comprehensive listing of how applicants can meet the ELP requirement, including required TOEFL and IELTS scores, can be found in the <a href=""https://www.ualberta.ca/en/admissions/how-to-apply/admission-requirements/language-requirements/index.html"">UAlberta Admissions website</a>.</p> <p><a class=""btn btn-secondary text-uppercase"" href=""https://www.ualberta.ca/en/admissions/how-to-apply/index.html"">Apply Now</a></p> <h2 class=""mt-5"">STUDENT INFORMATION</h2> <div class=""accordion"" id=""accordionList002""> <div class=""card""> <div class=""card-header"" id=""heading0020""> <span>Mature Students</span> <button aria-controls=""collapse0020"" aria-expanded=""false"" aria-label=""Expand or Close Accordion"" class=""btn expander fa-solid fa-plus collapsed"" data-bs-target=""#collapse0020"" data-bs-toggle=""collapse"" type=""button"" aria-hidden=""true""></button> </div> <div aria-labelledby=""heading0020"" class=""collapse card-body"" id=""collapse0020""> Mature, non-matriculated students are assessed as high school applicants. For admission into the Faculty of Engineering, we will look at the average of the same required senior-level (grade 12) subjects with the exception of English, <em>if it does not already appear on their official transcript</em>. If English 30-1 (or equivalent) has been completed and appears on your transcript, it will be used in the calculation of your admission average. </div> </div> <div class=""card""> <div class=""card-header"" id=""heading0021""> <span>Transfer from a UAlberta Engineering Transfer Program</span> <button aria-controls=""collapse0021"" aria-expanded=""false"" aria-label=""Expand or Close Accordion"" class=""btn expander fa-solid fa-plus collapsed"" data-bs-target=""#collapse0021"" data-bs-toggle=""collapse"" type=""button"" aria-hidden=""true""></button> </div> <div aria-labelledby=""heading0021"" class=""collapse card-body"" id=""collapse0021""> Engineering at Alberta is pleased to admit students who have completed a one-year Engineering Transfer Program through one of several post-secondary institutions in Alberta and British Columbia. Please see our <a href=""transfer-options/from-engineering-transfer-program.html"">Engineering Transfer Program information page</a> for more details. </div> </div> <div class=""card""> <div class=""card-header"" id=""heading0022""> <span>Transfer from an Engineering Technologist Diploma Program</span> <button aria-controls=""collapse0022"" aria-expanded=""false"" aria-label=""Expand or Close Accordion"" class=""btn expander fa-solid fa-plus collapsed"" data-bs-target=""#collapse0022"" data-bs-toggle=""collapse"" type=""button"" aria-hidden=""true""></button> </div> <div aria-labelledby=""heading0022"" class=""collapse card-body"" id=""collapse0022""> Students who complete Engineering Technologist Diploma programs can be considered for admission to the Faculty of Engineering at the University of Alberta. Please see our <a href=""transfer-options/from-engineering-technologist.html"">Engineering Technologist Diploma Transfer information page</a> for more details. </div> </div> <div class=""card""> <div class=""card-header"" id=""heading0023""> <span>Transfer from another post-secondary institution</span> <button aria-controls=""collapse0023"" aria-expanded=""false"" aria-label=""Expand or Close Accordion"" class=""btn expander fa-solid fa-plus collapsed"" data-bs-target=""#collapse0023"" data-bs-toggle=""collapse"" type=""button"" aria-hidden=""true""></button> </div> <div aria-labelledby=""heading0023"" class=""collapse card-body"" id=""collapse0023""> Admission for students with previous post-secondary experience into the Faculty of Engineering at the University of Alberta will depend on space availability within the faculty. Please see our <a href=""transfer-options/from-another-post-secondary.html"">Transfer from Another Post-Secondary Institution</a> information page for more details. </div> </div> <div class=""card""> <div class=""card-header"" id=""heading0024""> <span>Transfer from another UAlberta Faculty</span> <button aria-controls=""collapse0024"" aria-expanded=""false"" aria-label=""Expand or Close Accordion"" class=""btn expander fa-solid fa-plus collapsed"" data-bs-target=""#collapse0024"" data-bs-toggle=""collapse"" type=""button"" aria-hidden=""true""></button> </div> <div aria-labelledby=""heading0024"" class=""collapse card-body"" id=""collapse0024""> <div> <p dir=""ltr"">Admission for students with previous UAlberta post-secondary experience into the Faculty of Engineering at the University of Alberta will depend on space availability within the faculty. Please see our <a href=""transfer-options/from-another-faculty.html"">Transfer from another UAlberta Faculty</a> information page for more details.</p> </div> </div> </div> <div class=""card""> <div class=""card-header"" id=""heading0025""> <span>Transition Year Program (TYP) for Indigenous Students</span> <button aria-controls=""collapse0025"" aria-expanded=""false"" aria-label=""Expand or Close Accordion"" class=""btn expander fa-solid fa-plus collapsed"" data-bs-target=""#collapse0025"" data-bs-toggle=""collapse"" type=""button"" aria-hidden=""true""></button> </div> <div aria-labelledby=""heading0025"" class=""collapse card-body"" id=""collapse0025""> <p>If you are an Indigenous student who does not meet the competitive admission requirements, the <a href=""https://www.ualberta.ca/en/first-peoples-house/transition-year-program/index.html"">Transition Year Program</a> (TYP) may be right for you. In this program, you start your first year of studies in a program specially designed with extra tutorial support in every class to help you succeed with the transition to Engineering.</p> <p>The courses you take during your TYP year include specific courses required for Engineering. At the end of that year, you will then apply to Engineering. You will be admitted if you have succeeded in your courses in the TYP.</p> <p>For more information on the Transition Year Program, contact First Peoples' House at <a href=""mailto:fph@ualberta.ca"">fph@ualberta.ca</a> or by phone at 780-492-5677.</p> </div> </div> <div class=""card""> <div class=""card-header"" id=""heading0026""> <span>Special Students</span> <button aria-controls=""collapse0026"" aria-expanded=""false"" aria-label=""Expand or Close Accordion"" class=""btn expander fa-solid fa-plus collapsed"" data-bs-target=""#collapse0026"" data-bs-toggle=""collapse"" type=""button"" aria-hidden=""true""></button> </div> <div aria-labelledby=""heading0026"" class=""collapse card-body"" id=""collapse0026""> <p>To be considered for admission as a Special Student, you must have received a university engineering degree from an accredited post-secondary institution, present a competitive admission grade point average, and meet <a href=""https://www.ualberta.ca/en/admissions/how-to-apply/admission-requirements/language-requirements/index.html"">Language Requirements</a>.</p> <p>As priority is given to applicants to degree programs, there may be a limit on the number of special students admitted each year and subject to available space. Special Students may not have access to all courses offered by all departments. For further information, please contact the Engineering Student Services office at <a href=""mailto:enggadvising@ualberta.ca"">enggadvising@ualberta.ca</a>.</p> <p>Special Students are expected to submit the <a href=""https://www.ualberta.ca/en/admissions/how-to-apply/index.html"">Application for Admission</a> along with supporting documents. It is important to check the calendar as <a href=""https://calendar.ualberta.ca/content.php?catoid=56&amp;navoid=17510#admission_and_readmission_deadlines#admission_and_readmission_deadlines"">Special Student deadlines</a> are slightly different than those for regular degree programs.</p> </div> </div> <div class=""card""> <div class=""card-header"" id=""heading0027""> <span>Visiting Students</span> <button aria-controls=""collapse0027"" aria-expanded=""false"" aria-label=""Expand or Close Accordion"" class=""btn expander fa-solid fa-plus collapsed"" data-bs-target=""#collapse0027"" data-bs-toggle=""collapse"" type=""button"" aria-hidden=""true""></button> </div> <div aria-labelledby=""heading0027"" class=""collapse card-body"" id=""collapse0027""> <p>Students enrolled at another university in a full-time undergraduate program may choose to attend the University of Alberta for one term or one academic year as a Visiting Student. The purpose of the Visiting Student status is to complete coursework that will be transferred back to the student's home institution for degree completion there.</p> <p>This is not an exchange program, as visiting students will be responsible for payment of tuition fees directly to the University of Alberta.</p> <p>Admission requirements for Visiting Students are as follows:</p> <ul> <li>Student is in a degree program at home institution</li> <li>Student is in their 3rd year of study or higher at their home institution with a GPA of at least 3.0 (on a 4.0 scale)</li> <li>Student has a letter of permission from home institution</li> <li><a href=""https://www.ualberta.ca/en/admissions/how-to-apply/admission-requirements/language-requirements/index.html"">Student meets the Language Requirements for the University of Alberta.</a></li> </ul> <p>Further details on admission requirements, please contact the Engineering Student Services office at <a href=""mailto:enggadvising@ualberta.ca"">enggadvising@ualberta.ca</a>.</p> </div> </div> </div> <h2 class=""mt-5"">Application Process</h2> <p>Applying to a university involves a few different steps and it can often be hard to know what's next, where you are in the process, and how to proceed with your application. To find out where you are in the process and what your next steps should be check out the information below.</p> <p><a class=""btn btn-secondary text-uppercase"" href=""https://www.ualberta.ca/en/admissions/how-to-apply/index.html"">Apply Now</a></p> <div class=""accordion"" id=""accordionList004""> <div class=""card""> <div class=""card-header"" id=""heading0040""> <span>1. Review Admission Requirements</span> <button aria-controls=""collapse0040"" aria-expanded=""false"" aria-label=""Expand or Close Accordion"" class=""btn expander fa-solid fa-plus collapsed"" data-bs-target=""#collapse0040"" data-bs-toggle=""collapse"" type=""button"" aria-hidden=""true""></button> </div> <div aria-labelledby=""heading0040"" class=""collapse card-body"" id=""collapse0040""> <span>In order to be considered for admission, you must meet the course requirements, the&nbsp;</span><a href=""https://www.ualberta.ca/en/admissions/how-to-apply/admission-requirements/competitive-requirements.html"">competitive average</a><span>, and&nbsp;</span><a href=""https://www.ualberta.ca/en/admissions/how-to-apply/admission-requirements/language-requirements/index.html"">language proficiency requirements</a><span>. See our&nbsp;</span><a href=""https://www.ualberta.ca/en/admissions/how-to-apply/admission-requirements/index.html#admission-requirements"">Admissions Requirements section</a><span>&nbsp;for more details.</span> </div> </div> <div class=""card""> <div class=""card-header"" id=""heading0041""> <span>2. Review Application and Document Deadlines</span> <button aria-controls=""collapse0041"" aria-expanded=""false"" aria-label=""Expand or Close Accordion"" class=""btn expander fa-solid fa-plus collapsed"" data-bs-target=""#collapse0041"" data-bs-toggle=""collapse"" type=""button"" aria-hidden=""true""></button> </div> <div aria-labelledby=""heading0041"" class=""collapse card-body"" id=""collapse0041""> <p>Important application and document dates and deadlines can be found on the<span>&nbsp;</span><a href=""https://www.ualberta.ca/en/admissions/how-to-apply/dates-deadlines/index.html"">University's Admissions website</a>.</p> <p>For more details, see the<span>&nbsp;</span><a href=""https://calendar.ualberta.ca/content.php?catoid=20&amp;navoid=5136#admission_and_readmission_deadlines"">University Calendar</a></p> </div> </div> <div class=""card""> <div class=""card-header"" id=""heading0042""> <span>3. Submit Your Application (including for Residence!)</span> <button aria-controls=""collapse0042"" aria-expanded=""false"" aria-label=""Expand or Close Accordion"" class=""btn expander fa-solid fa-plus collapsed"" data-bs-target=""#collapse0042"" data-bs-toggle=""collapse"" type=""button"" aria-hidden=""true""></button> </div> <div aria-labelledby=""heading0042"" class=""collapse card-body"" id=""collapse0042""> <p><a href=""https://apply.ualberta.ca/apply/"" rel=""noopener"" target=""_blank"">Apply online!</a><span>&nbsp;</span>Please note that your application is not considered to be submitted until the application fee has been paid.</p> <p>You can<span>&nbsp;</span><a href=""https://www.ualberta.ca/en/residence/apply/index.html"">apply for residence</a><span>&nbsp;</span>when you apply for admission, using the same application form. Students who apply by April 30 are guaranteed on-campus housing.</p> </div> </div> <div class=""card""> <div class=""card-header"" id=""heading0043""> <span>4. Submit Documents and Update Your Application</span> <button aria-controls=""collapse0043"" aria-expanded=""false"" aria-label=""Expand or Close Accordion"" class=""btn expander fa-solid fa-plus collapsed"" data-bs-target=""#collapse0043"" data-bs-toggle=""collapse"" type=""button"" aria-hidden=""true""></button> </div> <div aria-labelledby=""heading0043"" class=""collapse card-body"" id=""collapse0043""> <p>After you have submitted your application, you will have access to the<span>&nbsp;</span><a href=""https://apply.ualberta.ca/portal/status"" rel=""noopener"" target=""_blank"">UAlberta Launchpad portal</a><span>&nbsp;</span>to check your application status and review any checklist items for your program.</p> <p>Please note that high school applicants in Alberta will have their transcripts automatically requested and provided to the University of Alberta.</p> </div> </div> <div class=""card""> <div class=""card-header"" id=""heading0044""> <span>5. Check your UAlberta Email and Bear Tracks</span> <button aria-controls=""collapse0044"" aria-expanded=""false"" aria-label=""Expand or Close Accordion"" class=""btn expander fa-solid fa-plus collapsed"" data-bs-target=""#collapse0044"" data-bs-toggle=""collapse"" type=""button"" aria-hidden=""true""></button> </div> <div aria-labelledby=""heading0044"" class=""collapse card-body"" id=""collapse0044""> <span>Once you submit your application, you will be assigned a UAlberta email address, a student ID number, and a Campus Computing ID (CCID). Going forward, your UAlberta email address is the one we will use to correspond with you. In the meantime, watch your personal email account for more details. Your CCID allows you to access many services, including your&nbsp;</span><a href=""http://apps.ualberta.ca/"" rel=""noopener"" target=""_blank"">UAlberta email account</a><span>&nbsp;and&nbsp;</span><a href=""https://www.beartracks.ualberta.ca/"" rel=""noopener"" target=""_blank"">Bear Tracks</a><span>, UAlberta's online student service system. For assistance with Bear Tracks, refer to the&nbsp;</span><a href=""https://www.ualberta.ca/en/registrar/registration-and-courses/bear-tracks-resources/index.html"">Bear Tracks User Guide</a><span>.</span> </div> </div> <div class=""card""> <div class=""card-header"" id=""heading0045""> <span>6. Apply for Scholarships and Awards</span> <button aria-controls=""collapse0045"" aria-expanded=""false"" aria-label=""Expand or Close Accordion"" class=""btn expander fa-solid fa-plus collapsed"" data-bs-target=""#collapse0045"" data-bs-toggle=""collapse"" type=""button"" aria-hidden=""true""></button> </div> <div aria-labelledby=""heading0045"" class=""collapse card-body"" id=""collapse0045""> <span>Visit the University of Alberta&nbsp;</span><a href=""https://www.ualberta.ca/en/admissions/tuition-and-scholarships/entrance-scholarships/index.html"">Scholarships and Awards</a><span>&nbsp;page for complete details</span> </div> </div> </div> <div class=""my-5""> <h2>After you've been accepted</h2> <p>So you've been accepted to Engineering at the University of Alberta! Congratulations! What happens next?</p> <p><strong>Accept Your Offer and Pay Your Tuition Deposit</strong></p> <p>When your admission offer is available, you will be notified to go to <a href=""https://apply.ualberta.ca/account/login?r=https://apply.ualberta.ca/portal/status"" rel=""noopener"" target=""_blank"">UAlberta Launchpad</a> to accept your offer. This will allow you to secure your place and become eligible to register for courses in <a href=""https://www.beartracks.ualberta.ca/"" rel=""noopener"" target=""_blank"">Bear Tracks</a>.</p> <p>If you applied for residence, you must also accept your residence offer in <a href=""https://beartracks.ualberta.ca/"" rel=""noopener"" target=""_blank"">Bear Tracks</a> to secure your space. After you've accepted, you will receive a link to your residence contract, along with information about your residence and life on campus.</p> <p>If you have further questions, please get in touch with us at <a href=""mailto:engginfo@ualberta.ca"">engginfo@ualberta.ca</a>.</p> <p>&nbsp;</p> <p style=""text-align: right;""><i><span style=""font-weight: 400;"">Last Updated: September 13, 2024</span></i></p> </div> </div>","<div class=""card-header"" id=""heading0016""> <span>Engineering</span> <button aria-controls=""collapse0016"" aria-expanded=""true"" aria-label=""Expand or Close Accordion"" class=""btn expander fa-solid fa-minus"" data-bs-target=""#collapse0016"" data-bs-toggle=""collapse"" type=""button"" aria-hidden=""true""></button> </div>",Academic Requirements Students are assessed for admission into the Faculty of Engineering based on the average they present in the five required senior-level high school subjects: High School Academic Requirements High School Subject Area Alberta High School Course Math Math 30-1 Calculus Math 31 Chemistry Chemistry 30 Physics Physics 30 English English 30-1,competitive average https://www.ualberta.ca/en/admissions/how-to-apply/admission-requirements/competitive-requirements.html | UAlberta competitive/manual nuance template,no,yes
ualberta-nursing-first-year-12,UAlberta,Nursing (First-Year),Degree,Active,https://www.ualberta.ca/en/nursing/programs/undergraduate-programs-and-their-admissions-requirements/index.html,include,manual_review,notes: Requires Biology 30 and 1 of Chemistry 30/Science 30; 1 additional admission subject from Groups A/B/C (verify current),70,One,5,,https://www.ualberta.ca/en/undergraduate-programs/bachelor-of-science-in-nursing-nursing.html,"<div class=""card-header"" id=""heading0019""> <span>Nursing</span> <button aria-controls=""collapse0019"" aria-expanded=""false"" aria-label=""Expand or Close Accordion"" class=""btn expander fa-solid fa-plus collapsed"" data-bs-target=""#collapse0019"" data-bs-toggle=""collapse"" type=""button"" aria-hidden=""true""></button> </div>","One of the following courses English Language Arts 30-1 One of the following courses Biology 30 One of the following courses Science 30 Chemistry 30 One of the following courses Mathematics 31 Mathematics 30-1 Mathematics 30-2* One of the following subjects (click on the links below to see courses) Fine Arts Humanities Languages other than English Physical Education Math/Sciences Submission of the Casper test is required to be evaluated for Admission to the program. More information on the Casper test requirement, dates and deadlines can be found on the Faculty of Nursing Casper Test Website.",competitive average https://www.ualberta.ca/en/admissions/how-to-apply/admission-requirements/competitive-requirements.html | UAlberta prerequisites + manual nuance template,no,yes
n
